H_1280x720_bright_far,H_1280x720_bright_near,L_1280x720_bright_far,L_1280x720_bright_near,L_1920x1080_bright_far,L_1920x1080_bright_near,M_1280x720_bright_far,M_1280x720_bright_near,M_1920x1080_bright_far,M_1920x1080_bright_near
10.5575760807577,8.61933824406187,3.51411592283765,2.92864595905853,5.05184127913286,3.14301233194956,8.40388191632188,6.49982770205659,8.96216492327141,6.9231797033194
9.43123674133812,8.49253342755718,4.47237272158231,4.07761632959509,5.46148425347627,4.13650431638001,7.6685397628168,6.59812479318016,8.02937049595996,7.01003582949377
10.7334617854818,8.70525910465651,3.14088429388666,3.59555894217476,4.68389219371466,2.93066245207407,8.01482797647088,6.7152118290526,9.15202192421398,6.86886351982022
11.1669924088455,8.8861319953387,3.31108023341549,1.9743119757385,4.75443408150246,2.6196034239239,8.55025350747773,6.47852289888229,9.49599076040982,6.89053315478121
11.2854587784331,8.82314141052136,3.18029525027056,1.59896196657236,4.78153789708247,1.36611559940214,8.73934602237868,6.6892174373396,9.79251994690347,7.42699867564303
10.0995912906296,8.39209013648156,4.16055487813282,3.35558340566438,5.36193038805008,3.83965136071818,8.23019323238853,6.55246366305281,8.33667777934294,6.70516969387658
9.45450589350749,8.10205787738743,4.63040439020291,3.99083386030738,5.6866827482004,3.87500050383479,8.0993903174887,6.54145320789287,8.37035523639675,7.05190745587902
10.6085543598344,8.53432151151373,4.17059427850455,2.81561459122007,5.24979794721542,3.25417143785576,8.26693268935717,6.66068602571061,8.53166046692484,6.6091005546219
9.60355618222806,8.15172313021013,4.09688266916662,3.65367445609017,5.55248883348065,4.36101108195815,7.87281081918707,6.52017545909986,8.30576685014436,7.13887278732271
10.2203944768181,8.55690376810445,4.46069021066513,2.99674093769207,5.27823035288121,3.87226492999997,8.15523311430282,6.49691358184976,8.35648102455946,6.59627499140851
9.74346901230193,8.31835176630033,4.5879743632926,3.56003796881465,5.44145590463562,3.90940310543406,8.00095914389332,6.47372136606394,8.26642430341637,7.1480916328738
9.49924019199047,8.58113536208283,4.53106714576111,3.99456402502907,5.52472525517072,3.9188916868068,7.96241319356388,6.37533573569553,7.98145433769055,6.91574947909265
10.2684057778037,8.37973654192537,4.2811484816214,2.17766995311753,5.22226502116978,4.03531547969194,8.10750413624698,6.62982464532302,8.65683484400302,6.99197267298662
9.83081754793799,8.25007161321132,4.05232539466159,3.6005309669139,5.40781839179624,3.53276901724454,8.300920514217,6.40036622167632,8.56380851988652,6.96257406674134
11.2395642040605,8.33381943140982,3.81100840585476,2.46832151859581,5.20045328640708,2.7675222874878,8.34818395347797,6.32335942960959,9.26848785709393,6.88496455287987
10.8239572979338,8.33796749204816,3.54078943613029,1.87316656721226,5.30743744545212,3.40247839158864,8.65794898026786,6.80384705588102,9.04151899204638,7.11399185024139
10.1002480635282,8.41371171715484,3.75888619059245,3.71661573252931,5.33797968929062,3.53975355871928,8.23307060742006,6.57349879195199,8.66232921347263,6.9421372941028
9.95224823032506,8.62373675495351,3.94779721974875,3.8105248069649,5.38207690797611,3.82822803071395,7.98424198758036,6.35783873462556,8.34566566002262,7.07164959868739
9.71662423762561,8.39137047299805,4.58419014015916,4.04482862366017,5.52965138109836,4.16894051095355,7.89940496546021,6.4582727261635,7.90064697217067,7.01937162211542
9.75554641925573,8.48261212387913,4.62321075638488,3.70846221894142,5.46180421268168,3.53124511056337,8.0548932415263,6.42672361393942,8.21787487166152,6.72380834345553
10.4387506070617,8.57907221673367,3.63819203518792,1.45183395429478,5.11077665503963,3.37207190576007,8.84210578399395,6.5769228718094,9.16992319838935,7.22545474762935
10.7815760543776,8.37968919552304,3.78569607441506,2.33619947988685,5.22768894535174,2.93641915007105,8.1002054213567,6.7710788266481,9.00959136868772,6.96667132261939
9.68675764084088,8.51349997398282,3.84629816775078,3.68530269569462,5.47495328063433,4.07183612244101,8.0996147897643,6.50938842839113,8.29419008469343,7.09489190194896
10.0407639857793,8.5561075887539,4.26796867251273,3.32983957624154,5.31843354241905,3.78901191601022,8.14836384596293,6.70199072886359,8.36304654261044,6.91098486738399
9.5742132734758,8.29583858014234,4.36133452495412,4.02838827437678,5.32733872050233,3.63525282963236,7.91062177603302,6.69836206414842,8.45429543813266,7.00805097782549
10.0461995700838,8.47827655126588,4.30729430769333,3.5307787044189,5.47786603772103,3.69991396648791,8.27071675083394,6.3451873773555,8.37996520998595,6.98423550096463
9.30563602667804,8.34870916254447,4.73598163923312,4.42101762834156,5.68183048613423,3.6338223544399,7.88124060402516,6.56602084226226,8.06996517158572,7.05339778767073
10.6699207882371,8.20387571544789,4.31178079145075,2.73746899626737,5.17825417627414,3.64229598224095,7.82476207471705,6.48637600328298,8.61660153594008,6.94691169221222
9.51325969851191,8.39018212426314,4.17528440895672,3.64561329430391,5.50134910047301,4.50547049545791,8.08717786324735,6.33710220470297,8.12960257595768,7.10532145177974
11.2123109582939,8.73574414476988,3.44489434411558,2.66536204911744,5.15183173273897,2.83338781172064,8.40462044500996,6.5217748262616,9.10361034742315,6.45111503371261
10.4741255023976,8.53033076246797,4.18474680790608,2.76863351646248,5.32270207044584,2.73647315302938,8.34202729181151,6.71024041404554,8.54651537439162,6.78516420881192
10.1034958809821,8.7465872616843,3.55384360992981,3.71693011596976,5.2469693631676,3.64921246999374,8.16547842470933,6.59856393827307,8.31370002043299,7.03965347323413
10.5676580018946,8.57103467096186,4.0356229269356,2.47751058087754,5.13873140838498,3.07895057590477,8.40756121791772,6.35477585723656,9.10092293355863,6.87078634621936
10.8749978584418,8.28459536934046,3.67624035565927,2.39961663774983,4.80955334607672,3.39184611573889,8.20524471403901,6.4691222040804,9.17431411309826,6.89724828707669
9.98589481328732,8.44968490116159,4.15240254443918,3.77384255221105,5.3377300049191,3.51769198109569,7.86169184482173,6.60175392944835,8.44097225148853,7.21239869722812
10.1553596555419,8.36246362934534,3.98938710945057,3.0444646766208,5.10714904242641,2.93776988228596,8.17664810654312,6.51771730379209,9.0098614513323,7.19310541850412
9.78694833373526,8.08287491988122,4.34250183359669,3.62399176002628,5.45715735081667,3.80016019572487,8.12287582927502,6.6183076710255,8.36990433076194,7.10888518022248
9.3949734836675,8.41534569788284,4.42007015210979,4.11763861190559,5.55197610231329,4.00980812763435,7.96780151583591,6.51001904840881,8.10729891443563,7.10030825982843
9.63797424083127,8.49567539124399,4.0445686894539,4.02011269115525,5.26476229399984,4.06183129745154,7.87527660365061,6.40415777040034,8.19047502011373,7.0496914269921
10.3115005518639,8.33217537601283,4.07854108528184,2.75115151393586,5.30405556332675,3.66503560700126,8.19296084270591,6.62025576414079,8.78161574739965,6.81189433930146
10.4688636909776,8.64046213490622,3.66668639230737,2.5761733442149,5.10809526947056,3.76529579763835,8.23439482674729,6.42839968724266,8.93306060463859,7.07417733820458
11.3650869268288,9.10710282891058,2.80854690997955,2.33003021819761,4.84637792401672,2.82443766057455,8.87832685247284,6.29644233139395,9.20467017807875,6.39101312958473
10.928827724793,8.47198528671359,3.96967902349271,1.83970702903493,5.03868896460155,2.93546380410619,8.55553363539822,6.40753269648202,9.13732571632312,7.32144963983429
12.650664172444,9.34983629039734,2.06104782821852,0.368370350923155,4.01263843243265,0.807176520438988,9.22590452951989,6.67001896149988,10.898754582019,7.41292029037976
10.3782962988487,8.64378390797224,4.17423207969206,3.33614433173329,5.25306481174802,2.89340610328954,8.25007740774142,6.42621310460538,8.65736896550857,6.77204487073503
9.7927892327965,8.57190499480805,4.61408675924745,3.92398054378053,5.60649815976171,3.39458291043683,7.93582250186326,6.45696158212564,7.99898125441491,6.86172822568924
11.4085497762588,8.89315596579569,3.2255741814324,1.97900152610596,4.7659349822482,1.61436054286155,8.44085826892468,6.89932736067481,9.57001561505106,6.94929996340442
10.1122295121374,8.45750544101218,3.95600446886145,3.28702886276526,5.16936032556655,3.49925047291235,8.17280432346199,6.67003909566936,8.63072385723695,7.09153118013174
9.91604982337229,8.05239436668718,4.06425824788087,3.56256258714712,5.28728084069894,3.78975238553426,8.06939468348036,6.81722838654732,8.50714743952662,7.0045089902411
9.72085468797469,8.38510954243977,4.42809096570342,3.64435982685438,5.54498192661486,4.17548246781181,8.04875358121664,6.31498527488641,8.17010445460746,6.89704036583504
11.1322621043515,8.8639488185359,3.25359471168185,1.76259630839203,4.75824914266909,2.35410477828025,8.5185003814547,6.44693020604272,9.37055479574956,7.45204750686281
10.1667289078066,8.48293745316036,4.35597186423994,3.43663350695331,5.26604247910972,3.53095003117578,7.9712032498998,6.71845977194079,8.21239729255626,6.92422939977479
10.3489483285403,8.74164443122733,4.1009635448772,3.10801810441244,5.03641498234853,3.24760683202524,8.10215513490327,6.52125027460995,8.48367184075493,7.13889579447756
9.9775329571225,8.3023492829657,3.39287577709353,3.99970041700144,5.28512779871015,3.6804286554547,8.10732829696592,6.71106044738512,8.78384546467272,7.14369572452452
10.7205946625088,8.53261236534866,3.40734504276479,2.37122060641055,5.1012785445976,2.75547018313666,8.34685249183119,6.79058656747143,8.94448420306342,7.1527036227658
10.4144340237814,8.77299106737159,3.85465819120568,2.35631986654681,5.24201096040886,3.01564795609439,8.7110472366928,6.45593345894482,9.06572029690485,6.73222837143693
9.56572971556575,8.31795700620913,4.2107433730798,3.99485027577525,5.67411286558446,3.87547541224511,8.12307480111157,6.32331022652343,8.47810892570311,7.09201997452768
10.454871171425,8.72861232258893,3.49114691191812,2.33811917563248,5.04628873111578,3.39768651287845,8.63522089593064,6.57074283673643,9.11692720409156,6.87287365581868
10.5657986742192,8.52136869042576,4.20486776565757,3.30566190068857,4.91998037974059,3.68361538375086,7.90339253386647,6.73339798388878,8.35687853735892,6.74618613543093
10.235595303799,8.58694065981951,4.05973125815287,2.95947735814102,5.32275477959519,3.65884163693157,8.27426227486156,6.55042282858623,8.44114763017486,6.79997108616794
9.36813913229106,8.2510882484985,4.86442566095752,4.26494350898785,5.65912110056803,4.18575398843566,7.88071185002813,6.59485475673156,7.78279473382694,6.822907990764
10.6923953157505,8.73958111316451,3.58061559087783,3.12170246361507,5.10366980553881,2.79495431183552,8.07276135469612,6.82093581318549,9.02973198779041,6.79119597080204
10.2948507952982,8.81205176401568,3.81380390415256,3.39067985822294,5.33140137572925,3.27257142287389,8.1813201384477,6.53840170436167,8.37019424686837,6.94314288126383
10.2972150356235,8.46245459373321,4.49573494546462,3.72259861409995,5.44515278220648,3.29663204452576,7.88552439153842,6.45296365572178,8.22125421961558,6.99327240440536
9.81696547024364,8.64208244416404,4.01309361533539,3.10439451701328,5.35762859116605,3.36348527550186,8.62009599572731,6.36969316835785,8.75358537406807,7.12007853391618
9.87201745495326,8.27342037164069,4.63619086215373,3.80832753207398,5.52538605966625,3.92446369634857,7.9214648418403,6.59689920965774,8.03646728653715,6.86386016202903
11.3056761322398,8.41049151944709,3.42157154854753,1.98725028563832,5.15909244911995,3.01902681909938,8.42263982748393,6.43642116097726,8.97983707586074,6.80615929149975
9.75097864179547,8.5701719103545,4.38665382447086,3.81913348753515,5.62099473722532,4.18878551640098,7.96596690902241,6.35928819330634,7.76605200643922,6.84243187018094
10.9619873786244,8.37380809686247,3.58098797856658,2.10468493745918,5.25734912089541,3.14555891233433,8.56626125297838,6.48646604922336,9.17117996279737,6.88197330970357
10.685247882828,8.60190144415235,3.92695508191996,2.78805080698434,5.1226814502337,3.20584018096579,8.39700549578479,6.42690105147187,8.86165064960657,6.59629483665315
9.49178490322743,8.24712582138942,4.18183389612726,4.76413048530018,5.47662523322072,4.24420166901436,7.78347099315484,6.45885801264487,7.94935052444492,7.13434293536173
9.87614058770351,8.47809603106509,4.59646424484801,3.64759668163798,5.5335386509244,3.94388523303326,7.89513093228504,6.5467290913624,8.10171553664147,6.73809871259506
11.6582423444736,9.139964333336,3.02630377041181,1.17841471666429,4.57853511196895,2.66968707501102,9.11102474590253,6.08922634034717,9.46609865126124,6.51713448295971
9.8826749670215,8.05731165143024,4.32616094566792,3.54346454523101,5.06234257048973,3.85612226870585,8.02135603820026,6.7999802376534,8.616463444007,7.09098074721146
9.78275524394556,8.28868685610703,4.13274740969068,3.29612401549725,5.36935066086028,3.7044155347895,7.84564795323913,6.66656345203701,8.58430979226477,7.16988116346516
10.410826442525,8.5842091433983,3.89610522147624,2.86393194322917,5.15752516856359,2.82603481954451,8.0983805529416,6.6476489336854,8.93419892800353,7.23926358525211
10.2632046984297,8.27064812345532,3.98302982457806,3.27237784068639,5.36681648924565,3.58423354856315,8.04507887546071,6.44278634923144,8.8012657154713,7.2042716602578
10.0236704248621,8.10522462708722,4.7262263389011,3.02998998284562,5.60987212996258,4.53345078270068,8.31226891353248,6.41049930860671,8.11923567748613,6.72907384776322
9.91252268453964,8.42008292457346,4.35080586264249,2.92955956808633,5.45457225069429,3.69570730534702,8.33603520329771,6.58362628758768,8.39083344086116,6.8483143235638
10.5742605667483,8.73467527181402,3.81541417088259,2.2501342482224,5.41186443001707,3.52869881715247,8.6405846072038,6.47106403350236,8.89915424860363,6.61873376005412
9.97695541468588,8.3490294553437,4.73180111129627,3.67542028076042,5.54744761399615,3.74379553629408,8.00631741651853,6.41782699015784,8.16887885059641,6.68279101665874
10.0020784965963,8.40908768171601,3.87318702047543,2.76609102673677,5.25545806831557,3.82039838000025,8.29557785521743,6.43526853614131,8.81882921920292,7.27391225165102
10.8234973785693,8.82456070361912,3.32703865155156,2.14545261336691,4.8626903659851,2.50895791585038,9.15624074180683,6.29835475312197,9.38485130654603,6.91320859558494
10.1903438068198,8.63458053389811,4.08629041381882,2.99858726956461,5.30596667581111,3.32766685307761,8.39166636561852,6.56405555105387,8.61937219014185,6.63386466727368
10.7326618858237,8.38547936454445,3.96027305841218,2.69756758565718,5.29972426551424,3.40852296805723,8.14831020151759,6.56251184043004,9.06670687648243,6.7727351039566
10.539710020322,8.8199473247468,3.62104450988612,2.57538502125722,4.95346661816522,3.0253005997854,8.34808494078706,6.69832988136281,8.85460742904832,7.15953386673618
10.5698706637265,8.76544357581851,3.58165850437346,2.51961617397421,5.12851229053856,3.07093389748229,8.32098402348383,6.70090981911087,9.16363075843082,6.86393210073034
11.4861580742688,8.30326983780781,3.28475294731533,2.0733653875381,4.75279139232764,2.98999282591974,8.15813426845414,6.47855829126906,9.17346108883796,6.63040587419148
10.3663354798728,8.26652703989103,4.29536508610556,3.35804890172793,5.49431478741538,3.45610067254349,8.05709720934406,6.40314683465146,8.51910648545955,6.77819206748537
10.1964923020052,7.92316076213091,4.30087340243688,3.33138389524501,5.21730894910393,3.85029574363949,8.05230737919456,6.43697171972919,8.6118468392243,7.15862360279132
10.7654770397142,8.7447020577265,3.58235423527411,2.37538052021117,5.22940897344393,3.20215268758527,8.50845163120498,6.60332834432844,9.01956965046078,6.62528216226073
10.7657515249878,8.59758858629509,3.49567203785168,1.85804105590704,5.18085573745189,2.99276696870951,8.75753068025995,6.62895209234293,9.40256094676095,7.09889390684523
9.99046216007507,8.23046555215818,4.53034197055867,3.53689043436537,5.26034812433896,3.41250392368603,7.97965390417393,6.56664186948893,8.35302691058582,7.03403150316279
9.93501816939905,8.41206682550046,4.30077017614695,3.27444221390932,5.35406773325479,4.21032221726719,7.96263951488502,6.67958085554332,8.23856933093108,6.77463116283028
9.92421332765625,8.3625143061883,4.22940406758394,3.4064072703482,5.46611981903221,3.6558294900983,8.23045970362542,6.61116766434198,8.43329680155246,6.96794541177804
10.2404028903546,8.50928958807179,3.94976403291879,3.4595260230081,5.12325599659396,3.61652794934601,8.0830895611935,6.37012899935182,8.50790167028279,7.27970605776169
10.6447506931403,8.5002736487471,3.79191109614833,2.70291146247496,5.22314358664945,2.77020733265832,8.34986478548344,6.73387228913854,9.18647799420081,6.85285741020629
10.1386101600078,8.53646157191009,4.0810435762763,3.47883150280523,5.4413813012514,3.50531155210997,8.24829129670023,6.26044714347114,8.47917260421178,7.00741431838629
9.65684951653618,8.27169462725699,4.28678051526548,3.57538908522241,5.31917087599573,4.25315851080935,7.77015176775604,6.71919989773582,8.20936548444344,7.23704814774501
10.4411156433079,8.39019965029483,3.6566921657201,2.07919046651026,5.28908791201785,3.4357566556452,8.53971650529018,6.82568199106356,9.2488702934401,6.75835252854199
10.5440439546233,8.54856902038122,4.21049346256174,1.38065230359225,5.14893321098482,4.000559951786,8.30603594218122,6.6993795308494,8.99045752132208,7.17554439144248
10.4860366523992,8.40765061275696,3.87623039284582,2.75466876169302,5.14569516516131,3.18261508931795,8.18838873802464,6.33314674318534,9.04649793568667,7.21100238987495
11.1109422780668,9.50495828977821,2.0103019633312,1.30911622039348,4.51692736321444,1.05317925473738,9.2128088797532,7.23321077499616,9.96826274488504,7.94066299907454
10.6181460287212,8.48408388141487,4.15842696937137,2.06831595871101,5.38119066050853,3.12385925582913,8.49459375683383,6.69448275684837,8.99135332127652,6.86594890855332
11.1948923469932,8.64835342351772,3.39181293340142,1.36311212315536,5.01980438337582,2.27301960574886,8.96240133674929,6.44594852427693,9.66355911773001,7.08014924292634
10.403258662821,8.65322608086824,3.9628633805406,3.22099566385574,5.40726233577459,3.15905298756714,8.34289138185972,6.3736498320684,8.42279227322754,6.8392718752628
10.4746799050976,8.70816607134166,3.46525904645235,2.74898877514348,5.06555222043553,2.96580372453547,8.66880666456007,6.2883884773012,9.03411996697259,7.23924843580311
10.2357679199547,8.1616197570349,4.3438787721677,3.30362657933234,5.37044274064984,3.95717789174247,7.86862282762342,6.35233824220961,8.64490046559982,7.04887968636937
10.0255250023796,8.44205956499468,4.34741260096247,3.41096189876005,5.45690325852623,3.70266980245108,8.10688499062478,6.34303217308775,8.39764531350541,7.0257993034263
9.66712337478566,8.3091126228491,4.43863374113693,4.03630906857628,5.54030523489803,3.76986002380744,7.75252536714008,6.57162786266602,8.2036258825646,7.25137625028766
9.90148904944713,8.42153794459169,4.45644170513991,3.71624228014499,5.62521684811782,3.78099861047039,8.23002827846076,6.22304658370927,8.24720161675869,6.91024133021482
9.89859614143381,8.08889939767142,4.56354367417203,3.43092890770386,5.54117501527028,4.18301544212267,7.90035264817399,6.76496627763595,8.01634840216905,7.10273888737608
10.1910119538329,8.46906864361512,3.65007932916353,3.53495540468,5.31349705183441,3.16567801610665,8.18391965934469,6.47147712465585,8.85427195724456,7.0484856806332
10.0270908432576,8.31814386727948,4.21325708594037,3.25223050301994,5.39363226086852,3.62754424798423,8.11052574030762,6.46011361617443,8.61565876590383,6.92659249514548
9.91391283397568,8.14601200969992,4.49102124124351,3.45149175571085,5.39458472732302,4.08663600614232,7.87724018708926,6.64909899788672,8.24372551140694,6.90011173466726
10.3620985931928,9.05816249137132,3.36190313286836,3.02299739997416,4.83053215578084,3.32689968483333,8.51150563213729,6.5550679536741,8.72176230735164,7.09440465427787
10.8943018761012,8.59910399876715,3.8691151904935,2.98719371970986,4.95556779188331,3.08684956423831,8.18857879480486,6.41588212054383,8.66027435233623,6.57981975409215
10.077886998772,8.65916447911344,4.01351555492739,3.62435835782933,5.16541959866273,3.20531449241376,7.93704800146478,6.59722174690477,8.86953810037768,7.06535519945212
10.1700436771088,8.46234891668923,3.98905707576488,3.24317909562391,4.98701266830674,3.83744493117678,7.92971532975415,6.62829158493462,8.77658303117268,6.88466406463371
10.8150082684433,8.51785638322854,3.82371682900987,2.52232503306671,5.17127163824603,3.48368643466286,8.01435752184297,6.51876455668649,8.90580156112073,6.81654622861548
9.53124689685989,8.20308309092114,4.68415440359377,3.97067880876966,5.64971034421881,4.02933617578316,7.96438338567028,6.23100624641298,8.09322501810206,7.20880716552947
10.2301850320196,8.39793986873772,3.91846362977365,2.81103194215666,5.2040369918561,3.46641234074487,8.27848965889098,6.86624778582612,8.64593357289565,6.87568018228019
10.5182393848551,8.41470599692125,4.07888471897571,2.78263914795356,5.19729969552875,3.284040190103,8.2899090609528,6.3849948798526,8.72485940473507,7.04695967922152
9.50553352958598,8.62405479802922,4.18816338218789,3.96282942758968,5.58459145248577,3.60096815760177,8.14485782854655,6.33163504944434,8.22650967715601,7.07720113081114
9.24988612500693,8.10567559349671,4.59751589390348,4.58229080743661,5.46633510702831,4.20221975388276,7.71547687610241,6.69198870860482,7.93422156085808,7.22786084916805
10.9451839291085,8.76216164170913,3.83655994709504,2.31342406740849,5.02341099697758,3.05168053105154,8.53969670737107,6.45155455770857,9.00260825126237,6.67183944585453
10.0071414793027,8.41413300869652,4.44954146675398,3.52885909593107,5.45838526152861,3.91229877912819,7.84396742923649,6.61292785914194,8.00714905749908,6.98364977467641
9.80896091281487,8.46722699663621,4.1227139196603,4.04780313492447,5.40061752120671,3.63032832519634,8.04219949204839,6.4849656465019,8.25224288536874,6.96630079927642
10.046042160156,8.25177101322612,3.85333497298122,3.49299509004814,5.14655428121886,3.25338716794115,8.1829139535968,6.6987938314041,8.68926750591354,6.99164354622163
10.8616450733266,8.45336761620302,3.85977053178513,2.20624034309017,5.23832093275327,3.14978511842649,8.18418507505815,6.58435923040265,9.09314833587533,6.9918133507531
10.2749465169324,8.62900031432888,3.48510768974764,3.99867406981707,5.17070343180188,3.60939791477991,7.82634692448884,6.64521938257078,8.66971568194828,7.06273998055007
10.6289418979205,8.74102022521103,3.33654875160357,2.9678387210034,4.94476519232995,3.16748707900642,8.13388800486076,6.42698560870142,9.07683138055169,7.04943677728058
9.67571924012752,8.23210300646984,3.89022981897104,3.97176998732347,5.31031803706382,3.98056854439833,7.79445019599872,6.71350418869996,8.29532072724403,7.10246220352027
10.6056603387861,8.73684162822827,3.47096945072436,1.44483485921783,4.84140509660824,2.44473359801622,8.70394270911743,6.72515776500688,9.81917904417981,7.55886381703179
10.0980315371541,8.48828230488499,3.70634598963355,3.47095285469088,5.22251875431363,3.88604170302448,8.07793663672686,6.38509260314261,8.77497003643821,7.13441524831839
9.53198877358446,8.54910855825499,4.50559273256408,4.90473258853781,5.33681222901809,3.74599291612776,7.66163625954514,6.41727427037447,7.76219058373919,7.28236474110077
9.31091635923919,8.17229470158021,4.29770305737549,4.04727911484706,5.47301775074283,4.2315809343434,7.92977033580026,6.69386034163368,8.36023039666427,7.25260933339477
9.89696642930275,8.63080858057856,3.75993945206794,3.28891150248622,5.38196801402342,3.60900655514825,8.60067283881179,6.42524505806637,8.65874005249292,6.88324239761928
9.6307844876089,8.50120048530497,4.19026871986923,4.02086688431143,5.36698671488102,3.92728685774565,7.90546833864988,6.65924429285678,7.94264662526876,6.94187340789996
10.027106215516,8.38151761431329,4.11371483915402,3.56765883762757,5.34910127148998,3.66725395047638,8.05173654280567,6.40892873572515,8.58275417126053,7.17185131690844
10.2352133655394,8.5201858300021,4.17439798195537,2.79131581156652,5.12205151476948,3.44061312269699,8.1964840759074,6.47824851694974,8.82284601145145,7.00123782958367
10.4467421873715,8.39155546229548,3.96038069644927,3.06013412635292,5.13958863879645,3.30157700384042,8.09577971369407,6.7482288155501,8.8411520129335,6.75369278249269
11.1652539065364,8.89114421004913,3.53261858256599,2.06187866613044,4.97926808969532,2.47874877750268,8.73900433039336,6.21166235210504,9.40708085629433,6.94965953854944
10.3974605379585,8.40446659635819,4.14468997829937,3.24321075421544,5.47871072926087,3.19974621287666,8.26146241221108,6.34616558500211,8.7169215386389,6.95000417114618
9.94073242392016,8.29973941549691,4.20424281651307,3.27820906580508,5.48330017973462,3.94395330146015,8.29110281548656,6.57247027719924,8.48073741714035,6.93739513047172
10.4990184895344,8.20907937951896,3.4801986958207,2.51423469216589,5.33088209670364,3.71116912274222,8.41755917367477,6.85170615023677,9.14873289027509,6.81511511182758
10.5209460326802,8.60637275765754,4.18581963241916,2.52116875687183,5.40439227110212,2.81642198999964,8.31800283294296,6.68177760598776,8.60885948607383,6.99964403940407
10.3050933552874,8.65550805268668,3.91291319659221,3.60072956267466,5.20789689539202,3.47625102134901,7.88981497434431,6.54723342475709,8.30458962747837,6.99680567491075
10.656330728388,8.60324995467771,3.72445775028507,2.81069001304681,5.12331371698979,2.85073960259998,8.37349319799332,6.47347349205565,8.85707043818278,6.87850848165289
10.5772349395851,8.53579947811209,4.26423476439505,1.9869424783102,5.29638461616519,3.6769537689871,8.39235554456095,6.44887403312948,8.74465975503964,7.02345392517938
10.4741317688972,8.70996811024925,3.93925676191854,3.14706095032233,5.17150383101445,3.09747273071624,7.94886561115937,6.41721273099666,8.7956980782792,6.88513774100373
10.1748831134298,8.44622249538124,4.44656693562123,3.71617993005295,5.38675474765664,3.9144565816741,7.75428059810672,6.54860817494129,8.11901533506338,6.98775632106652
10.2459861153272,8.68607833560266,3.60768679494147,3.16838021974742,5.24466199487827,3.27070546755715,8.40429465671651,6.3407904729001,8.70101167438441,7.01190941469019
9.99214823790281,8.20341672686694,4.65955386988391,3.97172673195744,5.42828004990414,3.67980386364081,7.7809604935459,6.32127682718289,8.21426012645543,7.13884770489474
10.5221875931354,8.48088391099773,4.12746651929998,3.38690885565655,5.25016708271792,3.39711284790833,8.14318865696059,6.39538225802572,8.4835012740249,6.72179472584031
9.98292778853171,8.51196750443493,3.90930167414547,3.90128898765343,5.2720696608816,3.64479863476373,7.87518663739892,6.47991943068966,8.64582273718819,7.2580865722894
10.2151860930724,8.54408222291183,4.11901526516983,2.73032622026547,5.26490926316075,3.95334883407728,8.18067625478388,6.45429694646073,8.6615891383735,6.72368972991249
9.84042072892264,8.37174981934187,3.77942388497651,4.00948981050215,5.28396970338162,2.99673573324665,8.27352309504834,6.67905394385486,8.47129279244012,7.14231104036426
9.02763951347686,8.19347319091716,4.67839521367838,4.43349455380159,5.67593947927659,4.38491727728962,7.86070647536781,6.48566855804477,7.88481715650434,7.26384467222712
10.0147283159373,8.83052538073097,3.45123242018223,2.94566418167486,5.08609555179132,3.24922382475032,8.57281112066056,6.18791766804753,9.12405080855561,7.11744967582527
9.85131744692432,7.99790891027907,4.39591286408712,3.78024226705131,5.62880962815997,3.91987794091841,8.10445863375674,6.42580522188376,8.37722830480424,7.12867163572307
9.96827229049709,8.0306918781598,4.7723453182714,3.56131341053956,5.52813456624715,4.04444142039498,7.9341255258096,6.62695128188007,8.1045018659512,6.93932994551648
9.82694671772606,8.40861511154335,3.81573668652232,3.29978295958511,5.3293407718917,3.74418517713374,8.28534244930453,6.47121132468395,8.79486580180825,7.13784806158259
9.88756399701089,8.89339110092186,3.57611163021363,3.86541122565641,5.21124958932461,3.15811477836994,8.24105809847043,6.4784629963481,8.53479431707961,7.06706724077366
11.1065802183725,8.74849599308378,3.52467953626725,2.81610208782906,5.11837408879964,3.0395362557616,8.07797862517523,6.59726257215102,8.66207057627956,6.65480593351202
10.7338403029318,8.88998232752349,3.65164601693891,2.83078113772489,5.17467155589364,2.89847705947449,7.98577460391468,6.66333746643429,9.01712666018693,7.01144968138971
10.0011322897682,8.49809690356678,4.12579475128848,3.58871834941345,5.28583941370385,3.73565842512095,7.83858858078043,6.76618225816634,8.21270233984737,6.86214298568894
10.3821367565624,8.60628950405703,3.88290997404867,2.78580219290295,5.06408781207504,3.35497046812886,8.3598389997313,6.49127330148583,8.80658170864684,6.88717390212816
9.77500810573389,8.32545086766326,4.64344536668959,3.63588874830863,5.40347816741853,4.08645806005734,7.8543333802705,6.43394942924891,8.14252196176219,7.25270541369992
10.7803649495661,8.72848647802253,3.40048729598297,1.39897067926228,4.74394423368976,2.4035074194154,8.81627137382331,6.80941080947647,9.80526757264775,7.4072960051961
10.5604210376361,8.56343248449712,4.16241347614873,3.18612188725439,5.26648665562099,2.73184175611869,8.17926827700437,6.398716793091,8.74202084727242,6.77487177914451
9.37269810135652,8.33715885851713,4.27526633878534,4.36860619742493,5.52580291179128,4.20895827623903,7.94945234687725,6.21968168488928,8.06034622381482,7.34449289322022
11.0221068318128,8.62413631442799,3.89523729247821,1.91872568013535,5.14827271385172,3.04087767442064,8.356961833393,6.38682955111633,8.80712930345046,7.00796535011791
10.1447849520674,8.52842388923096,4.15806563888004,3.82111005189839,5.34694290949126,3.2359552804493,7.96062241022178,6.43469459794496,8.40778005852888,6.95698763375813
10.2354124109318,8.66253192071859,3.77231576691456,3.24861255725572,5.11810374761246,3.2021193269272,8.08307102045104,6.6760582310679,8.8065957255594,6.92827111053266
9.69266572291555,8.47004525037885,4.52599620646517,3.26844013486969,5.51919464450629,3.38391562535803,8.28136374942378,6.53355088637888,8.53184900735254,6.86907172282016
10.6727012670027,8.65143486199825,4.41133882813746,2.77095568281285,5.35526857695711,2.48813763945971,8.32204454071008,6.65701457778607,8.76695539932716,6.67439288373363
9.9253132006023,8.5279225981376,4.20696871716463,3.58340021205691,5.38591240645365,3.52221714319328,8.20568293278692,6.29908309766977,8.38117967217349,7.02965563212147
10.6501373678271,8.37505408416453,4.08637266889821,2.0299011713532,5.2535159921638,3.27404445552676,8.66222251821315,6.69295036172185,8.83730931501173,6.86419598440055
10.3470614047441,8.39553809472416,3.73401748986234,3.6115777429546,5.30257447198012,3.50882478856297,7.9882967846123,6.48880397219339,8.66377501644666,6.99059878583393
10.2548427895223,8.80591324978251,4.24287759620779,2.66223690029983,5.33032177449703,3.2004377846635,8.34096222798225,6.44941517273282,8.85487236463464,6.71155824805675
10.3617371140559,8.47308163336058,4.03093712186115,3.66875477881185,5.23895019254193,3.21622236302334,8.01554278274863,6.51889023462006,8.33929534597037,7.01240015991702
10.2906576729398,8.74431031656126,3.7855705875047,2.93071211263367,5.21401282297721,2.56504562630501,8.55637363147966,6.31866346195882,9.39983355231319,6.73399179537394
10.3301319560577,8.1574953326227,4.04206259456572,2.36940275630034,5.20282417055484,3.21081405366439,8.31801640745947,6.73808061631929,8.75169713830326,7.02780398779576
9.20137691011327,8.42699240399008,4.24568148400259,4.68261592277141,5.53435612953245,4.50868679131346,7.84564810964065,6.3711199975144,7.82198944626909,7.28211175392378
9.71022740600904,8.2437395807859,4.13146841277429,3.99338729894995,5.38954952144278,3.83547513148802,8.11558651860601,6.57636948367998,8.09352730319444,7.08983399160204
9.76632111495465,8.33552119140472,4.78543071637603,3.34990152672346,5.61707740901099,3.65073123980351,8.21162632810102,6.47493325386599,8.20654952772205,6.8315136832309
9.49750115136633,8.41326176994751,4.2428548601605,4.47497169266218,5.58866501994809,4.14353515732699,7.92641745275227,6.4718523610684,7.88333991814229,7.12386695768952
9.94249225497468,8.7235947548325,4.13262033977158,3.65737032815082,5.53824287443617,3.68562870405691,7.83548961597871,6.34273564021737,8.30279428415146,7.07459369420949
9.651641911889,8.55427545616362,4.39169124594583,3.49722040576165,5.6517721249989,4.02091091107351,8.24514591289745,6.40171575400008,8.15054969015565,6.88618641531791
10.5971425202953,8.53331319042039,3.39700069683706,2.01028414447702,5.19553839318953,3.23208712354051,8.5381937052798,6.65599256566032,9.34739471090154,7.22216532700853
9.64694363693708,8.44732268464893,3.83437180063036,4.38868227606398,5.37929974859286,4.23784113398179,7.76570481717426,6.60888986651557,8.00035582203519,7.08149784153843
10.779196753446,8.30958820358483,4.36678915218173,2.94389867830924,5.31700480798508,3.18516632973613,8.02526656875107,6.72760127640225,8.09231390998978,6.55667196833122
9.74841747995916,8.55759198012303,4.25689369105951,3.93271772964807,5.50218513580228,3.61613403841616,8.00192110202285,6.36271843758311,8.22413750169295,7.06111065473816
10.1255846271124,8.36607273766,4.33146978177589,3.33498967023386,5.47644774726425,3.51425169227555,8.02768960969129,6.49075599966038,8.77562216694906,6.93668719123532
9.38834774899509,8.14592922363411,4.68593724673543,4.10877715294678,5.48524901929526,4.27491511636372,7.81703063322697,6.75705649443362,8.09309592733057,7.28650110985027
9.4118171088331,8.31078898239761,4.2934804885772,3.7805685938801,5.44892548291313,4.07182887087805,7.88805145210696,6.56451398090648,8.31990214340043,7.12952548726864
9.65107312559504,8.19689867207713,3.99911765847284,3.76695118874195,5.60374895258132,4.08421193988638,7.99682230981816,6.54090918714644,8.50491275706531,7.02601458434245
10.3692978028337,8.34894144220371,4.31566784202874,3.27247451012129,5.51989214337686,3.42732075183436,7.98840487773795,6.57191070473237,8.49685603375646,7.04449118667747
10.1142435172609,8.35464296773541,4.2957454169919,3.24113245515382,5.21538344243543,3.97991987677814,8.04879116308954,6.40453735170736,8.30902999959938,7.16659024419583
10.4820315692446,8.70141762891529,3.66555642332581,1.97927497717841,5.26658003148419,3.67628122409791,8.32175235618959,6.71461626764479,8.83870753016899,6.97617144318279
10.0305885687451,8.4769859604389,3.83638205842343,3.23144354630024,5.36943880767726,3.69156083189527,8.49948031183376,6.5722443248032,8.42151648450851,6.91267325620225
9.67778104904232,8.24141528700175,4.54225032369828,4.15552175716255,5.51142412642611,4.10035258568729,7.77624823269718,6.40612351199849,8.15544696459513,7.08344625339691
10.1721842827466,8.65401267751795,3.94673320845766,3.13139958195251,5.38061674992632,3.17540809264103,8.5342876195942,6.36625457252528,8.72820015876109,6.8206213858809
9.3980077974361,8.2189489198204,4.32838477838871,3.85815434618233,5.32999212312308,3.44626849970383,8.0702528146367,6.33000357145638,8.71784906750852,7.35541992039716
10.0446207216485,8.33932451989648,4.56977963396295,3.61623410787527,5.58876343280457,3.77442387705138,7.83278413142025,6.4892964519935,8.0242910562206,6.9128726137376
10.1906603042363,8.24207210894318,4.42697173925741,3.18120304331809,5.33905997637222,3.60318584519665,8.00559541295631,6.65179681148565,8.36952624011659,6.91495297251744
11.2152871942789,8.42954246678497,3.06386099041859,1.12023104668754,5.11563380118072,2.34979125254865,8.85827709432403,6.90440658980408,9.59932105439353,7.46531284963854
9.86372881872424,8.4103994949643,4.07374375141306,3.49044956466225,5.40354425140729,3.57503836281097,8.36985640639415,6.4020259870841,8.51179852910401,7.03764064140952
10.6312685143552,8.96236314340925,3.11798029000362,2.55731873790851,5.20440333839023,3.0992631951244,8.80931177306676,6.62718911289643,8.79568225538544,6.92012115909771
9.4161479634694,8.34248966777506,4.60511351151066,3.98990956150422,5.77279986746501,4.57716849717913,8.11802069663048,6.43828010658299,7.724926710654,7.02368900383192
11.32291930227,8.8645974668775,3.20478897276729,2.38121087432175,5.09387662778216,2.85661323422035,8.74134123701902,6.30367164744405,9.08308197525766,6.76704300376242
10.975138145854,8.95779586744172,3.41497847711398,2.29742649070441,5.07789195921454,2.2779720000713,8.63455585485356,6.12946173643524,9.30271969999438,6.79938284754275
9.77567691675689,8.34634207240274,4.04427253328984,3.58603978553993,5.42422799544183,3.92547020564131,8.30440037485798,6.42940118322502,8.41293984017132,7.0427430251851
10.2925650058631,8.17999079152559,3.80785043520359,2.93192122867742,5.05638597536409,3.89215366877841,8.09336798063041,6.42328043250318,9.31374645527047,6.97119985270744
10.7400902783101,8.84998075442762,3.3886920241579,2.28464309835718,4.9764356204046,2.70569309828905,8.58415324758314,6.67698882495323,9.01486730127826,7.27015157599683
11.2672449919319,9.83932960524152,1.31251821629831,0.960008373197238,4.39714217001827,1.50138878216232,9.46340837253371,7.206730282088,10.0242365663486,7.86228094251321
10.1525847725402,8.56582717644286,4.41892194552258,3.61143692205426,5.38854806007331,3.4798421729953,8.20748081676056,6.33955111174367,8.18729956858567,6.92357474498858
11.3137173863819,8.55106863623843,3.85256466349041,0.766836436350697,5.4490722206738,3.19964365449067,8.73112636506327,6.48853112387411,9.21171826423124,6.97239586143354
9.11686685980865,8.27899309591023,4.57704791183804,4.86891736053091,5.5500338808136,3.94266729101141,7.87506707482189,6.43758948696509,7.83383568164264,7.2798252760195
10.8532574398498,8.75362875784058,2.97034847920267,2.31293262044138,4.75655454725705,2.94603687711391,8.53577352525319,6.56495077972254,9.45811507005293,7.1355741463267
10.9863253551363,8.39113827921887,4.10220147130632,2.36357311605405,5.37783627794676,2.96085700372374,8.35581816861594,6.56130362168854,8.8208400479838,6.76696217780136
9.84268343707033,8.33840086285712,4.60361040656713,2.44520728100814,5.44844756399622,3.35428362239739,8.19282642502009,6.76694302732184,8.70776420368222,7.04840619241748
9.55489536914471,8.36184573174736,4.39635938962062,3.88073198079523,5.56646899536149,3.43512433496371,7.96492594220958,6.51053119707824,8.45615961320168,7.19223283841872
10.5860802779414,8.76222688744914,4.03030397202271,2.47583896211007,5.44893254074185,3.60982247637528,8.57282489639512,6.18930391799925,8.74956822146006,6.84117924204305
9.55899695855796,8.41007218015429,4.38604118870737,3.93164873127964,5.6634122912685,4.4643140984336,7.77831156288806,6.35486090271541,7.99283286101171,7.06133033070032
9.47742404711038,8.58997902353247,4.33868594781846,4.36271637410449,5.4965774653865,4.66984193101484,7.76234494132114,6.4610852367696,7.67504800165288,7.03004863430952
10.1217992534563,8.09373849851228,4.27928150874024,2.92603972883306,5.47631143955674,3.83366725959222,8.05249641394671,6.44570579258723,8.68746179937337,7.21707781990622
10.0017655864929,8.42637800655181,4.43954872374431,3.82040361787894,5.19068235495438,3.87227400497131,7.8679007613679,6.59538498465293,8.20410203751452,7.0523827670532
10.1645252625559,8.32531182756224,4.43326370115786,3.15431905450115,5.53540405127248,3.79797805813209,8.05826019171153,6.54213937366985,8.35781749690048,6.93418668911068
9.30215159605716,8.36055046163685,4.67075126317957,4.05193264103572,5.44514039141938,4.01213447497376,7.78549795194387,6.23884872288467,8.08645868044658,7.21623034619903
10.8716567418429,8.51704086482277,3.53727705276651,2.26345969537577,5.19326659645651,3.01200329811618,8.56453892799975,6.75642798888177,8.87333216345843,6.86783992973474
10.1152859974293,8.55830334355344,3.88863384633003,3.38515139052651,5.31362487829075,3.66922719710859,7.99703363058559,6.4865148803666,8.55806357377256,6.90467340838788
9.84831901209123,8.43931686956311,4.35448477092132,3.71433663289179,5.49915153783925,3.86085991073956,7.92411811736274,6.6265627962546,8.24957896641467,7.04761432118098
9.88778558304453,8.42022315569275,4.41981661285038,3.68664775010264,5.28534489780056,3.62341017664835,7.88460664547671,6.7159735525767,7.85482972116099,7.17214367095311
11.109146660481,8.53278055047858,3.26175534536757,2.0422780261011,5.03624869346043,2.79421467481384,8.58929068767617,6.74743632462725,9.38739516976648,6.7396979259326
10.0267251871087,8.47935327206905,4.30516924448171,3.19213993140366,5.34692565104897,3.21543163257899,8.50948492121884,6.32944364495699,8.5942753620057,6.98121057858173
10.9049117442422,8.48773098102858,3.69626052057355,2.59995218130714,5.14388623685301,3.34530578040091,8.32757431148909,6.64166748343617,9.04950973489781,6.74695623146314
10.7460201436796,8.44665799414189,4.29575401034623,2.96278514785345,5.36670080745813,3.20415368887746,7.65435383168282,6.53326584302505,8.60881418172503,6.66920334081418
9.1922461618428,8.31494470231366,4.57724046220957,4.66385079966422,5.67264076164165,4.00590651761633,7.87791995032577,6.50346949075446,7.90761141212264,7.07356472344187
9.80503976653539,8.1953545299015,4.68695574492229,4.16275885321898,5.71357641174799,3.80012157981946,7.76384942195543,6.29677299273795,8.31488289583848,7.25375013977108
9.75323969304678,8.42297821477191,4.31710469692179,3.71296125411336,5.44803780850353,4.14735941888167,7.88826405914453,6.47754965464163,8.13073138714342,7.00894618371589
10.7013266830676,8.75679818541168,3.53502181926653,2.55337640485438,4.9509027026141,3.15959327189273,8.3849906161924,6.51312106081494,8.99527822074937,6.941622460894
9.72688395617194,8.84106961123171,3.87084692638363,4.09027692512798,5.30985436605064,3.77873795415069,8.0956319853329,6.36748003796589,8.28129189347811,7.04546581439174
10.2014783727508,8.70475989679851,3.69069450299037,3.68800280096048,5.02984457700535,3.35566959408257,8.18456470570189,6.55117293926662,8.49046071612345,7.01729667678458
10.7970979299927,8.66898312870228,3.51563807891642,3.02239213580178,4.58942380215552,2.81759050924433,8.35731032034169,6.4010293518548,9.1236908220714,6.98626980269127
10.4410015816212,8.40083082270372,3.9389606605438,2.81494804902206,5.29022124043861,3.43856134252865,8.14013227103199,6.38784193044581,8.92451511152739,7.21387887659912
9.69467118950874,8.23489005426937,4.1992630268446,3.93602668090282,5.51628982515468,3.91725549917595,7.903112012311,6.41377730813268,8.22905760262357,7.13909740550313
9.62763540922218,8.1726820882295,4.69777908174807,4.10078062603631,5.63986609076407,4.00894043565975,7.89933313055058,6.52555877558095,8.10889123236458,6.91991390396421
9.27591800800601,8.41690478127166,4.32996249314151,4.09798400074891,5.58789387034284,3.70077872022589,8.12064912232651,6.48537831945046,8.11360759711807,7.07187405429288
10.97572416943,8.43231596540876,3.68063977590057,2.41341158306743,5.05771289471579,2.77948623854716,8.24994678302026,6.52181111459307,9.05022142718656,7.07871276027192
10.1975615176592,8.44296186912068,3.57015580095813,2.8008963516957,5.35853946129754,3.62591383573549,8.58633393651616,6.31510276352496,9.01870881825251,7.22867304085001
9.722989601539,8.55165981884006,4.16156501512014,3.67455948848449,5.51402220822429,3.85116115576472,8.27168343201708,6.26286643726258,8.26089773758646,6.98311679859568
9.91208198290438,8.42736080998991,4.00064229937159,3.31270092606304,5.41186164772643,3.83698721531086,8.28248346665544,6.31592957754298,8.54460280404936,6.82247658261552
10.6046228180006,8.42767218281235,4.00717069651752,2.75089192921488,5.03787068154556,2.96699485733005,8.01455242413156,6.54503090815084,8.88629577783485,6.98842917328842
9.75361839174714,8.44971525036612,4.42214564945443,3.62160421944986,5.48978842713468,3.31147128188905,8.19150888815107,6.42950112584481,8.4171860252382,6.92432194363017
9.54050629972565,8.15306832843873,4.57297640709892,3.77402676757134,5.42733982270635,4.26895215259842,7.99055861398027,6.45341853608739,8.32888340903895,7.07311773413054
10.7372013409892,8.33428145388948,3.70722611227075,2.10929783646645,5.26231804187216,3.52407090422883,8.41101918435437,6.58498731927886,8.90447174996488,6.91647678813013
10.2488602931124,8.30245827692369,4.28503651494864,3.35623356957562,5.18700027249085,3.66626281388703,7.84255631848666,6.32429704041498,8.65947934278296,7.27379077323454
10.2555306853693,8.58089497550534,3.73193906765785,3.57287647532536,5.3096873228966,3.30725376487353,8.13528799131291,6.56013601607337,8.50953300507456,6.99191227449342
9.78080869448764,8.71643077046632,3.91959925516852,3.69528466955267,5.40706886780831,3.60958895103863,8.00569139364955,6.4307936692781,8.48157564028354,7.23813981710711
10.2054840103243,8.46434226406708,3.76042438517733,3.54577547496624,5.22233321094367,3.48793725316539,8.11158441054235,6.57416924961667,8.52145723474476,7.00000204555795
12.4581991835546,9.4253964878342,1.4356231809921,-0.726921860607432,4.39842618591259,1.08335394664339,9.50914567501263,7.17011634325196,10.5476747072544,7.87295159355175
10.5544226146297,8.77337330838767,3.49277595130078,2.04106691528608,5.34652917621913,3.69372755174468,8.90462113378342,6.60681709188413,8.63322186469134,6.67785049465991
9.53256814921761,8.2224734371209,4.66048618815543,3.81030024411032,5.69436072499907,4.10356923609277,7.97380540978989,6.43762310035147,8.18799128546187,7.06444594486759
9.55513454546426,8.32314792919115,4.41266516888422,4.15691932727418,5.53519728452975,4.26841841477731,8.02094667734219,6.21567562632791,7.88234684198366,7.1560673894831
10.1239952230906,8.31542967304214,4.08940100690435,3.73476499742618,5.17134911571029,3.45507716705712,7.7576224371062,6.50197844705228,8.61829586418603,7.09190944723687
12.093757245336,9.41442498657067,2.93465488811621,0.662541881251173,4.24177943260522,1.05190801841248,9.07591651605521,6.5024019803009,9.6539350549629,6.99994353957227
10.4498662115892,8.41351159731472,4.30162212154221,2.85359205571062,5.32695779383812,3.45717988948192,7.94932003994594,6.62534123587698,8.39143359410092,6.57327194052514
10.2336619665832,8.59246928440036,4.33652563985273,3.33254772634434,5.02953207528673,3.88297604606886,7.95362211652385,6.37075473075137,8.29062531940712,7.03387110717656
10.2881893786957,8.91382820056756,3.93181911267659,2.84767910807326,5.4223663136568,3.13243824288785,8.47230942974127,6.23343160768671,8.76706578083267,6.87226331929245
10.823856854764,8.73763004964633,3.52502164472221,1.80455981312432,4.87039398217071,2.77217925940279,8.32760486840863,7.07906744722395,9.34304617343395,7.1684861310973
10.1113477940528,8.50226292520101,3.77029888231296,3.02605578212132,5.14808568324476,3.57043634211575,8.26216863093905,6.26857748289307,8.96462923137155,7.42297770249058
11.0630313001999,9.15219715241205,3.2433405989784,1.38736786494059,4.60495803322315,1.93449078693618,8.60032469864628,6.82629786013565,9.66188896683245,7.39870215224322
10.2145523403611,8.4875713047677,4.04879123827017,3.08998024620162,5.45302816632329,3.6322911662294,8.6551768502072,6.25549626515336,8.45678665903114,6.85670527058928
9.90556238222095,8.48290533493846,3.91493077328436,3.02623463350306,5.46795126159274,4.18563984791705,8.32011762431852,6.48868629078423,8.41894130466827,6.99544438461586
10.0645908644434,8.28151254004965,4.49367218551078,3.62862084292704,5.39909219763146,3.66263380548534,8.02076485606867,6.52787676560631,8.2577531715028,6.92786822262275
10.0425148979852,8.17815935284348,3.92032829304861,3.33238697411127,5.32090037500968,3.52612808049341,8.08721274964659,6.50204854389396,9.00158809154931,7.33161068358273
10.3903745291003,8.60297180658092,4.06157408654214,3.44776853164931,5.43514108183007,3.79050194304222,8.1920645779879,6.48455588819197,8.0915294128242,6.60282612310161
10.4487068382665,8.45705495673314,3.60377826034626,1.82899852829184,5.1815654358634,3.74991544183551,8.40218295614996,6.64210825300573,9.11714774796908,7.37600274342138
9.88994240974721,8.31106300072278,4.56525181229665,3.4389516443973,5.42379925361065,3.88280264587778,7.93953840610611,6.38067729450985,8.3038424346827,7.06784873051569
9.4652835420772,8.43185725601953,4.38360424706597,4.00458693356727,5.46002258996083,3.7198692089426,8.04601353500573,6.33739461248652,8.36368557051801,7.14377989452147
9.84756729573985,8.53266744209354,4.39484787758308,3.41021007496143,5.26097042118119,3.9038422838545,7.9355497505586,6.39596212812414,8.33487880898018,7.12336895779971
10.0471385909904,8.19551593827597,4.33514012669847,3.40264368219036,5.39690119059333,3.73819076707157,8.03684176092537,6.5741418319189,8.48903481886452,7.17852612926546
9.73701361596108,8.41125528453249,4.12538423109236,4.04411580913143,5.5027458327892,4.09334606516061,7.72522294558502,6.57524970295719,8.23782483274052,6.91746965087464
9.77397849326894,8.28951913079636,4.36871198374192,3.77950422840741,5.31732392098991,3.56737687510102,7.8074068151657,6.30629122589897,8.45208072113578,7.20848407226989
10.0895747858168,8.38897751797314,4.1406985067205,3.43283993313466,5.26147226862015,4.0199153558449,8.20817166313054,6.53787681882757,8.19474822991127,6.92717879591704
9.89650646765949,8.44754598492212,4.30534182478775,3.73809766864155,5.35644538318689,3.20536844439424,7.90110391670811,6.59713092578805,8.43244699344814,6.91730439564537
9.87983343104345,8.31230175998158,4.0310118929109,3.72958815384199,5.2034218221139,3.74575767472704,7.90190969858413,6.53964374626003,8.6877729266457,7.26007712408767
10.3104562252663,8.29009052021289,4.21036987071435,3.2949863643616,5.44803703484688,3.30917478836997,7.99917114751558,6.49090713105759,8.55311520726553,7.0912906099912
10.2600453381264,8.5663043495159,3.90358741416935,3.67625612992522,5.14677928455556,2.67364836509188,8.14683930992129,6.58648767992973,8.73133012163704,7.00546212971396
10.0399300504338,8.57851705650913,3.88391657053741,3.6818902225437,5.16180616047078,2.86394506411925,8.15381039283034,6.5012601996681,8.74046252712061,7.20217761296896
11.0083830955253,8.56698223035706,3.56891430175532,1.15650714132618,4.90079693047659,2.88562894274811,8.82221932566786,6.84876587249249,9.68186394104786,7.2154292692078
9.43090790141828,8.46017609770225,4.28632220656742,4.2413620825944,5.53350169828388,4.08839664048502,7.96456710229353,6.5012224900572,7.96683695459763,7.07503663935769
10.2440626499525,8.47891583093311,4.05425314543406,2.82426355588357,5.25130921185328,2.66039871544821,8.44943589299138,6.35649942093428,8.9449437852602,7.13769156033748
9.81202564366557,8.63280005647463,4.08473564849618,3.04042944206153,5.34838499839053,3.86876836172487,8.40977207232963,6.30404746249425,8.49021553462085,7.1077542700337
10.2559654464294,8.38358720758347,4.36515370859929,3.31652408280727,5.43104813767116,3.00976679868363,8.14115837243074,6.44467754076568,8.5620325449221,6.8543497991134
10.3703752566314,8.37330235802891,4.42098993072249,2.9038792580401,5.40487805367932,3.40902513328842,8.1188442233734,6.65051308802174,8.65782778428405,6.70498348968012
9.9221746812201,8.4710191619286,4.31979080114801,3.81660181227769,5.4259995118687,3.6086009393799,8.09677483433308,6.33109497602294,8.3899449300199,7.04825769394104
10.3392746549908,8.61764469223646,3.78976021116965,3.12149191334038,5.19453475035918,3.36930473861335,8.32350711932432,6.49892014214892,8.77221088621968,6.96222585718944
11.0183394500892,8.33222428567868,3.3930248798355,1.33290798334165,4.82760717766896,3.02705707417896,8.61989640062265,6.68601623444144,9.86056669198412,7.29468880089537
9.75352595050975,8.57720852353225,4.3370072237277,3.89382800815174,5.18517331562434,4.31503378058765,7.53979907472495,6.55345221586456,7.91103299224689,6.98455572165134
10.1382830249515,8.20512177330212,4.086082445431,3.09685652374444,5.30695029237535,3.69681959057041,8.23001792389002,6.55007555147879,8.85389164766681,7.17596698039809
10.1159159412022,8.58334445175868,4.10423324953663,3.23854032857565,5.30224556314905,3.24661532631458,7.95237582981641,6.50588021424163,8.76696412645628,7.12857600037912
10.2473925635884,8.26781174025248,3.80079200230527,3.06248074056908,5.27348062820117,3.1928584963534,8.20693284233306,6.52268409327703,8.95227199006112,7.01493784519547
9.53034091853974,8.57946539523516,4.28302163861681,3.67246600730841,5.40163857818379,3.66369483788497,8.25779073353193,6.4430712831725,8.32488197806974,7.14443948084808
10.3986571477863,8.6188667538229,3.85921867808154,2.09012480485695,5.23000812230537,3.77966834201299,8.1926509599491,6.94334020220692,8.77620670037695,6.95262052760685
10.7503706787976,8.74280367693861,3.61543412462895,2.84464400562513,5.16318246935156,2.67609262038353,8.53095512214793,6.52289348362647,8.97955898373369,6.39983934924428
10.38631744355,8.08900998688407,4.37706998071014,3.65907333365752,5.47823646853998,3.55336515945481,7.90184623633759,6.24449472491179,8.40660435476143,7.18023824494257
10.5518432562317,8.58692486486416,3.87985148031259,2.75672621067468,5.34733062127442,2.94709074547291,8.2929069898867,6.44900881241512,8.93082926670822,6.71264833150442
10.5023473137751,8.55069123416235,4.23053374785281,3.31097332866539,5.41376496388191,3.38399739291034,8.10304193356789,6.42138034655043,8.22272637427462,6.83176969790242
10.2449619751266,8.62010468400581,3.68556773898154,3.07642190046611,5.17183964521209,3.38923588181006,8.14571364468418,6.61053264572395,8.59422389101709,7.11101101330444
9.47075684750457,8.3897111050256,4.71881788984896,4.09053278012273,5.71560442497591,3.03448563662723,7.96201048580353,6.22912871388114,8.40181855119299,7.07274576631647
10.2309166678203,8.56103696965367,3.47586941081382,3.74127938735977,5.271486628896,2.6976312485954,8.19490991522689,6.61743056197544,8.79482976518539,7.05965718118584
11.2313285167492,8.73662175549631,3.76982171259947,2.19993878143056,5.19296152526988,2.56061481532137,8.65069260542167,5.96340773812399,9.11949884892029,6.41533503661842
10.5300304913295,8.47100755941814,3.80129637468354,2.0924310804693,5.40298445496252,3.68353147942729,8.61731883924048,6.57082609001925,8.99491840441269,6.94097607643443
10.2081861828784,8.34054620930078,4.33904508846152,3.37156675647979,5.23345142724369,3.69785688411457,7.94598837719133,6.54955178782585,8.35245868087293,7.01913444252995
10.2328452595287,8.46029207110284,4.22686839124871,2.9070299855866,5.34891775950814,3.67199725332861,7.91138445947498,6.50329456721263,8.54162913999008,7.19829013517912
9.43475089540429,8.39081817862814,4.39938741462304,4.34092537824221,5.23233927307287,3.97923219877081,7.64543955614318,6.58926371785493,8.20973091083032,7.3747808033287
9.49207359287195,8.42331770880179,4.37497093905734,4.14553296325365,5.57212299261343,4.05966067626698,7.91873946346133,6.44578784607404,8.02998233781084,7.26687093173335
8.9407351541728,8.41617766027346,4.58516085255741,4.69243957412846,5.58841004375748,4.74078802015986,7.62733428377241,6.52467219127369,7.56426899246802,7.21637486399343
10.4213622395324,8.64785601519214,4.09659221618038,3.40129003328219,5.11916030813008,3.16502156771865,8.06588499435671,6.41982808169893,8.59892540668604,7.03949477569121
9.31100778585166,8.47740041349168,4.41096102568691,4.72264511278477,5.37983960878845,4.7790750606469,7.76324455775435,6.34943987921683,7.47230908939295,7.3908782843672
10.3785212358129,8.78144071930858,3.58286266458594,2.81731401232274,5.12185678257479,3.45864979692329,8.51270969829946,6.37549309294272,8.70264208702061,7.07558705575766
10.0070847657855,8.40082445076287,4.21855329292299,3.32089029088248,5.3952613599656,3.99218245949979,8.00318874689907,6.44032188369731,8.39099093600021,7.06116161415177
9.52567454096322,8.16145499722802,4.30760305468857,4.27562985646206,5.58430770517791,3.87706692716994,8.09761808577596,6.52234076914227,8.07627566549601,7.08094388961339
10.0283813599145,8.5344773274557,4.05738639748997,3.66668421803153,5.2417482518526,3.16284583510786,8.16130475933914,6.48480493548236,8.43313824214648,6.92854546690419
9.56051408048086,8.34213454223114,4.48121073539361,3.93467777807507,5.0961096928575,4.25307666323709,7.77204571985345,6.54784724998233,8.3318594275159,7.08577881812809
9.40124336047411,8.2422503517488,4.43760477787302,4.25103389641468,5.52238769802871,3.14938184910937,8.02174035398329,6.4161786830586,8.56470239802043,7.22347361655123
10.4386616883384,8.64355437569252,3.89554344947011,2.779299883209,5.26912391540446,3.14106212658543,8.39136371791352,6.82075749696647,8.68641462581524,6.85405233165876
11.9228569589783,9.53412001100057,1.3048172991046,0.514591231675233,4.12783167806697,0.818017096299089,9.74345118227387,6.85957047843713,10.5599462068394,7.85362063506091
9.63071284359387,8.09171277283796,4.60839079575994,3.62818771514323,5.55868094124785,3.40173322792768,8.1082536785714,6.4305536129373,8.48113515854476,7.20774927153944
9.93581691215194,8.59847709359665,3.84570683162556,4.07146987912104,5.39816955238524,3.71845589327116,7.90350712668385,6.70509767878688,7.96270323455688,6.90492366107473
10.1213628148591,8.4594006705124,4.59199760320933,3.47826870683833,5.36395698590742,4.14826461708066,7.84955976640223,6.56180847466745,7.96411826950527,6.94650395697556
10.6155045882467,8.8432456987031,3.34792747084483,1.74744010186138,5.2386916250123,3.02199340149453,9.00977596326534,6.22708107503654,9.3168803264153,7.21309782316445
11.5687885629747,8.62192863776371,2.99264209955775,2.41491791990409,4.58912722410652,2.8520416711234,8.18759025352055,6.43752574149428,9.29052532387339,6.56839556440951
9.45105376524636,8.32737976204561,4.45233521801726,3.9856231530822,5.63767312648761,4.0599864394705,7.93075489147233,6.45443070388842,8.09836212785908,7.02638827893588
9.70265773105297,8.51734400025014,4.64316110101214,4.01297744349853,5.2774311139179,3.65503330534492,7.90264773050517,6.37994356802676,8.07181038451609,7.05604042184041
10.0281377313757,8.45748711304517,3.50007686286608,3.3148093108395,5.36152627797374,3.73172216983424,8.44765361852923,6.60392961599466,8.66491780502384,6.97810160706391
9.83710818188557,8.24762989664691,4.49298793877701,3.84544049915934,5.23274011507977,3.10048986296683,8.23824511566476,6.40611425113027,8.34128252006708,7.1962233598903
9.55599019251696,8.11400871889444,4.62557990897865,4.03791995429087,5.55530027650905,4.01875785883145,7.80159371734908,6.38601121540416,8.14979160768732,7.21388398870502
9.99213675075429,8.44152219949896,4.38438637802244,3.18687226228889,5.44841103835648,3.80711442004055,8.13926365058796,6.55228072663372,8.35378483546291,7.01688914119145
10.8634311235401,8.82622833130273,3.74455656581475,2.40659586539297,5.23237037222883,2.57976540367434,8.33568210401372,6.65522525080636,8.96140682310082,6.9293108908756
9.3548992164251,8.1973631641502,4.3948728658204,3.54067674758162,5.67976688534124,4.10214452703626,8.15210368976577,6.52032580118133,8.40157414619299,7.1281625881011
10.0647476536371,8.35342870315368,3.86564569183832,3.62813257785332,5.30297921184191,3.589961765682,8.09311471258517,6.39825684477667,8.57639844723893,7.02787575170937
11.3127188942826,8.67351433138666,3.31282790336802,2.02403418975322,4.88090964594675,2.77797294202165,8.37811682163225,6.53218533821236,9.53175992039048,6.64364088437527
10.2589562250396,8.14918991245391,4.15428468961673,3.14718198474488,5.35335901619898,3.6082875006656,8.21817773568615,6.47872462104591,8.63135668836454,7.08416103592943
9.83562324180629,8.31595625460747,3.73598362813381,3.078851905003,5.33924226599788,3.81928990975693,8.45457654353289,6.68801031624173,8.61659677512948,7.20152473204584
10.0384902105011,8.69954154124586,4.14436438489439,3.2302906358067,5.37651469563527,3.43466965228711,7.93197898359413,6.3967119583272,8.36216706108182,7.14750532819469
9.91506486422814,8.27238310272627,4.36473225915226,3.63165317143394,5.31906501783526,3.84200928632742,7.93945688900714,6.46298097102604,8.42386542513437,7.11594108874333
10.0869192945029,8.42034338392752,4.36370014489226,3.27241258529252,5.4932523674456,3.75105074769693,8.03317898004364,6.6892704572941,8.2712443933462,6.70379374694099
9.81653447946647,8.65472566265513,3.98822610763949,3.47426644928683,5.29222785410959,3.6936915341259,8.1775041577489,6.50322277796685,8.31260551567542,7.25237278849103
10.6331113815395,8.75326927332394,4.17613413557827,3.28846549457352,5.16021280566151,3.80138722383277,7.78981390059783,6.33022828400016,8.10510979177636,7.05116698990606
10.5247803416155,8.45245518619736,3.82364554686219,2.59318749638716,5.15261951733854,3.24564278366507,8.21366913780042,6.46505601422202,9.05014136965979,7.22116211389131
9.98215824374877,8.59025250329189,4.02801758601122,3.44968441905227,5.4149751029308,3.53581197491407,8.36683098701168,6.43467837265067,8.28766076671285,6.92854410084347
10.6884625614403,8.51023650339905,4.15965133889228,2.7969774285281,5.25569964559514,3.31652907080323,7.85776785828531,6.63459621842416,8.82187461295009,6.59082925684145
10.1496004155759,8.43308174399073,4.15173429109832,3.78737762680413,5.40963971493276,3.42321332891511,8.11543330464075,6.37547727379991,8.37878337938456,7.18968333779471
9.94299565259469,8.59199555960748,4.41479479118383,4.06914747605774,5.4977024689755,3.64331172798771,7.83970242275872,6.38766255275054,7.85623801776428,6.93995574724462
10.1248224939629,8.75113257391311,3.84811114104754,2.45003339703423,5.35366439745035,3.36748322201107,8.45815424098209,6.86973126112782,8.56847387427956,7.12410882580414
11.3332097941693,8.60857022141514,3.77988368254148,2.44871176517903,5.14682270309521,3.48278874258673,8.26748690678748,6.21883607892323,8.69980647397855,6.43881386715905
10.2070394842135,7.97749492237223,4.29915223880895,3.3100890501214,5.24663648546606,3.76618619262319,8.00031412270888,6.29898090996189,8.74201745270219,7.10127495117037
9.33413304338758,8.53147134824628,4.01289701611849,4.50627153770918,5.36096341473327,4.31939928227068,7.94200252307707,6.45683033462994,7.87148622188127,7.21424889660956
10.5001707215164,8.4266060134982,4.3599761528855,3.46476158583085,5.03023391395843,3.53715080404158,7.80986080193682,6.4928549286197,8.28721739079332,6.89537425009248
9.77558422324939,8.69600704218123,4.36440456501248,3.27233946978401,5.15055062749445,3.51468624463053,8.01427892996668,6.54496808572516,8.25930625863392,7.30772313301781
9.74264679805999,8.2212450064307,4.48910993682825,3.86916598248859,5.42636020219994,4.016276730634,7.77925317575322,6.45462203307024,8.31394990887483,7.1154713099713
10.827941306761,8.31194204788117,3.79480762782119,1.75184094062047,5.2479147551694,3.72171943974237,8.72519570166909,6.70776906659786,8.90201912196356,6.76567505029667
10.4213648983668,8.74339621711762,3.93485847532476,3.0359957716199,5.07193479366006,3.30040411329037,8.41323567708393,6.4532049595902,8.70546500489671,6.86678191586067
10.8474708535284,8.32788815118877,3.5750717690606,2.04758037321956,5.15037691739521,3.25156664039963,8.67990910604516,6.46306967574743,9.21417519586036,6.91642438090458
10.0516987594324,8.7592202539897,3.84087870631358,4.01883217904082,5.06344163146599,3.40935023337744,7.8176051135366,6.66323537008049,8.37305758772493,6.9711887375724
9.99764550119407,8.57947794682369,4.09592256074352,3.42489082477984,5.33008562085784,3.55489185551077,8.21789608498939,6.60466823932565,8.2945795414393,6.7995646350326
9.55776500439956,8.36560829075064,4.89165222166087,4.13063246396841,5.56872102770649,3.61890887383691,7.87402883382652,6.49878192035023,7.88562788877905,6.95698016400036
10.2543731032397,8.50987168499765,3.91230306585799,3.54812898124153,5.27739585319539,3.73459992829594,8.20506101822821,6.46947887245888,8.29602732650662,6.92603358339736
9.97005753516199,8.455545721139,3.95885891107671,3.88539122459741,5.40248468417952,3.9081260088082,7.84855917655995,6.4273574788587,8.50130630036635,7.18665502009717
10.3060267627504,8.56112995638195,4.15894673713571,3.13434039986294,5.26845361170846,2.99709753807667,8.08147465168728,6.64386285723642,8.69711117360368,7.00944216501187
10.0741194991796,8.40728248473507,4.38620337959994,3.84510785380524,5.43027146938763,3.72833021875337,7.96847018161456,6.48738972186062,8.08813606503132,6.88069948549877
9.92049663578576,8.57363239078881,4.17351134193089,3.22563294175182,5.33345131743755,3.38963494041954,8.52821519546711,6.32463800593281,8.51919466300695,7.06846959572901
10.2305322199518,8.52198877360792,3.68560446739455,3.6749340357078,5.10263213166972,3.53315692456217,8.04708217967688,6.63993640413051,8.28289764291283,6.92879993991975
10.5957555229118,8.55285461951043,3.68176850292072,2.60291551352216,5.02627886572121,3.46537902796035,8.45177266636056,6.43607179741606,8.84318554013678,7.1616068494549
9.60864618073545,8.22495992215397,4.45815557962222,3.74711946655166,5.31879526223443,4.34470401075199,7.85477195118736,6.44651078154798,8.03639991615527,7.27286715495957
10.01409686549,8.41332757382665,4.47035395303327,3.34810310886751,5.32067698938056,3.93652417024077,7.93066346803545,6.41026623146862,8.19976728440622,6.96128629065657
10.3608490047222,8.95401113456274,3.51209519551867,2.44346620923117,5.08244961596064,3.30594525759229,8.77509311126098,6.47708123862163,8.95840366245025,6.896518992593
11.2273287055591,8.43464662974559,3.88376687431462,2.27546170996098,5.26861224368127,2.14563989427328,8.45060794516487,6.44162334828049,9.29544934394348,7.2614447452339
10.8979680028526,8.75963183788812,3.22675452223084,1.81052243013234,4.83453783385739,2.47605682448771,8.83133876268791,6.70101977848635,9.65623734179526,6.94224875467335
10.4806875389414,8.81560023039438,3.85417814932812,2.01426014722773,4.89301828757262,2.42464772709814,8.26000200201029,6.71016984390802,9.15355195530161,7.52347550524431
9.62504653806196,8.54234504255464,4.62481123138756,4.27906044522331,5.5710494189323,3.80554999847078,7.78347966517674,6.29073308880589,7.91476940805428,7.04080398992585
10.7297708022776,8.84015152931875,3.70938300787016,1.79929591561889,5.0935318364299,2.19793887761639,8.76079708644134,6.73890151682745,9.15792998448644,7.11955197562328
9.92424280744627,8.38453883050965,4.35717687634322,3.4202674695857,5.42781047616095,3.85458793542587,8.08186777595096,6.4866036221556,8.25944393150428,7.02435377621705
10.0102074920112,8.73187685656624,4.36414908328159,3.40733158215855,5.30883558706743,3.24773336635637,8.05247649797782,6.42953515233853,8.38262090584042,7.05872418466724
10.8626142837109,8.75550692517882,3.39775358324106,2.19787161510792,5.12089648542201,2.96715900076723,8.7647690421497,6.54539117841493,8.99250660520308,7.05689462148027
10.6163746495588,8.42482916891074,3.89381486275495,2.59717423383517,5.26445581635739,3.43552928415387,8.45364472810591,6.6162471449417,8.84634685917684,6.76989731044276
10.8282719935752,8.57985772444961,4.04574128105988,2.86562370928544,5.06560783880288,3.1799395781037,8.13437221089966,6.66221894072883,8.34650087532078,6.73740020607332
12.2229730513551,9.58537678109961,1.36063917932974,-0.586592220205088,4.14818998251915,0.689985051916008,10.0167949965874,7.1766655609958,10.741161894614,7.51042837187753
9.92412531486732,8.64164409845578,3.89335068572568,1.95057086488406,5.50332691769438,4.65415749158804,8.42112943031018,6.70713536466881,8.54699419893718,6.9170900959234
10.3132344414173,8.74842440628849,3.56546079182628,2.92430437266121,5.08585123692619,3.0825527720733,8.40033880809825,6.71022733096605,8.85052562224709,6.97572114080701
10.1468244491818,8.28005428536501,4.06098679739882,3.07447075377002,5.38998191467331,3.7847058542985,7.96835442617493,6.6579682482969,8.53706162451707,6.88322122893678
10.4108177221996,8.32339727771798,3.47546449793313,2.62155439176616,5.28464815705641,3.80800524502886,8.28538465838934,6.4884754742627,9.18204674122621,7.14265167600614
9.91578390115008,8.4387365492966,4.35311587430303,3.83300300507852,5.49919274699023,3.97905956651609,8.02423814457224,6.44664764526687,8.14526270195246,6.8443830621484
10.9254900243685,8.25865936867087,3.71161551629458,2.43222483576496,5.08764761273242,3.36900069026758,8.21577419726198,6.55830667061414,9.24992995832932,6.86895877122188
10.3919721464065,8.64488211768927,3.38785029259138,2.67825659685188,5.20462537339383,3.40115412566044,8.38899349178991,6.75326259839051,8.8555474388036,7.04025883470587
10.2003352853179,8.46335801538929,4.27678759292685,3.043979306448,5.41089302066869,3.3792670960057,7.98133029992545,6.65542931177747,8.49086657204324,7.23264270581794
10.2535187385011,8.51553454352816,4.38171782276252,3.25839726129814,5.45110759204396,3.16333342605784,8.24397476744408,6.50173759839908,8.60575692359165,6.8326501778483
10.9811919973675,8.85653270413546,3.86019749095479,2.5437683517355,5.16304810782425,3.35208427651907,7.99844145736819,6.54593389605859,8.50105704173997,6.61721794012262
9.61209983331566,7.99134336320815,4.60999608351473,3.80409655304501,5.57013888371023,3.52467384879219,8.04544819219285,6.35520467943546,8.72539708071474,7.18495993727941
10.9053263162973,8.63780411909285,2.60359120749877,2.2699100474489,5.15369649653787,3.29294462355998,8.49669667895903,6.76411254000476,9.46536414344977,7.04086431205216
10.2690634709501,8.26324314046468,4.01841882351428,2.94098292161971,5.40238878975064,3.7878291472129,8.47622757673349,6.44129188734744,8.5018361623835,7.02853321515427
9.92086308902746,8.32220464594987,4.23722485302627,3.99908550686378,5.3612989065607,3.67064406139652,7.95894077012888,6.60221797280504,8.04756266385001,7.04414495006761
9.70868614726821,8.27662344336408,4.61278152230638,3.76746659414261,5.39528093007689,3.9160153207471,7.82320100785387,6.62121009231425,8.18106990489107,6.78055793125598
9.2439131066591,7.9373955646986,4.94510412541849,4.46812510098761,5.69748437005343,4.71059331103465,7.68667351636453,6.60459956244318,7.65858556888026,7.05885349622169
9.71825199303019,8.35384020524444,3.95001310454968,3.56339070302094,5.33404651259019,3.79098730017547,8.21256241514411,6.49545460454961,8.54422136485546,7.27824995119713
9.78464322533005,8.46844662015355,4.02296722179525,3.61532123252785,5.41458845385338,4.29914870461935,8.0874059003307,6.30413754523463,8.44322056220417,7.09299988459978
10.9736170479432,8.68816120226887,3.38757455922654,2.26042130219658,4.75321952420568,2.61110620457455,8.23135686490755,6.5472237696889,9.44567519488002,7.39503786462835
10.6166551547944,8.71462342829124,3.84075194586111,2.34980977672085,5.29278795025728,3.27862762353454,8.37739134682084,6.6496050882038,8.87585500585846,6.86472822544973
10.0256978949155,8.57240804944651,3.66576113373035,4.1322867327772,5.05173870549018,3.27876424984813,7.75233512751491,6.77916760498939,8.36442719553129,7.04150512423811
11.1569121708875,8.67845215374008,3.20920760935378,1.60228114922626,4.9227231329352,2.13212508698887,8.55689422239558,6.70688559022448,9.83332086752222,7.37862089745615
9.73305017143131,8.50799464474321,4.38389337841748,3.95655427753641,5.44901606671726,4.16403985633053,7.95533808132996,6.39869293989761,8.08546222574367,7.08345477127075
9.93665213499613,8.3297892280364,4.64032241740869,3.83623930811977,5.43967616919394,4.22560947463615,7.9921126385711,6.49358423205185,8.01467419678213,6.96817019671687
9.87214143342963,8.52624040443501,4.09044874917332,3.6016557679798,5.04373025766585,4.21776885861256,8.07384544453839,6.56646457376436,8.31774247882036,7.0969584629337
11.1108232853867,8.80091800014264,3.06178137691973,2.09647875758435,5.0012233943284,2.91145159916983,8.62142509295108,6.52795774957741,9.27301663695015,6.73792351302507
9.81282302387802,8.3869964067807,4.42738733642076,3.75656833484377,5.65325368893561,3.73810929014722,7.99568768018977,6.48204220147912,8.27903935324542,6.90553167603022
11.474974176346,9.15630009806715,2.48987265888676,0.965153993383266,4.16532767632173,1.98282122529773,9.33182569736443,6.3706082861071,9.87220783325525,7.63658852493939
9.83516356309319,8.41725384167987,4.56117893049521,3.19467046292477,5.47508810745459,3.05338932611688,8.33285742324835,6.40581778462269,8.8536583554186,6.76494767300965
9.98323864764289,8.24531727861324,4.31548815882488,3.60934110384175,5.43023246611126,3.8101166285182,8.11992658562588,6.50635378612151,8.37897534196664,6.88807012481862
9.25492870109088,8.16404527184492,4.7007990161761,4.31457891511038,5.74982652891439,3.99509446550221,7.85504725601331,6.56069594468432,8.120229584676,7.00986428469853
10.4007861943878,8.63869482669473,3.77259119251654,2.83532155777718,5.30083369524716,3.28194759698442,8.56606346333459,6.46707532728132,8.77373031596064,7.03448186136386
10.1400166717532,8.55461439607379,4.14219726841425,3.59972306288748,5.3349660817503,3.45080104976705,8.0501156508685,6.46201180928779,8.39678033972812,7.01972974025986
10.5901664551045,8.23532627925623,4.38626008052541,2.83679397829006,5.16178778727443,4.00102796714984,7.74809318137029,6.63412621785344,8.2369772301364,6.74314116828183
10.1467680987754,8.36491095207585,4.19367732312916,3.24419904423069,5.41718158392232,3.49601928593048,8.3047740960315,6.39991187022163,8.61503148683546,7.00991342698349
10.0628545570953,8.18190835172235,4.08249985104297,3.17856360410797,5.29952876568573,4.22732949812976,8.18179164815621,6.5236005476608,8.52918490983398,6.85251917687665
10.9481227538285,8.81090256572527,3.75348788088938,2.69149505510459,5.17602397255937,2.37713266851105,8.19887396202803,6.5138590045514,9.06929186884428,6.75160515502875
10.7430998484948,8.38648235765712,4.08669652079227,2.95085662065793,5.2180192197378,3.14939692256522,8.24730494660658,6.3564253398404,8.65771545837687,7.18827172671672
10.307326636531,8.20104407128606,4.19893299622113,3.0502319610486,5.03790629513508,4.19504058472711,7.89383761120251,6.52184972411422,8.61251626536962,6.86898587558486
9.97070485417006,8.49728224019617,4.03653644863282,3.44780255931986,5.19444792455334,3.58486093717475,7.93037657988393,6.56815706933471,8.46864864442434,6.91858511300339
9.33554850279285,8.86622402607648,4.19961667500123,4.37522260663716,5.24679093832952,4.26353630649255,7.81994209775807,6.37869893737294,7.82626929412409,7.21424797850808
10.0948034720248,8.67470592872857,4.49828521085921,3.6281143235224,5.48038165246283,3.05738627561228,7.64946833619609,6.71971228315982,8.11970119727096,6.76629422187148
10.5413532658536,9.01388129313682,3.61232033639475,2.81335897210914,4.82564525860142,3.08349649371895,8.30198954466387,6.71405807715348,8.84104798512499,7.05519651198293
9.7918256221032,8.34304281142134,4.38323892432006,3.12674608498749,5.3885284209239,4.11558486953281,8.28709781103123,6.5023321166927,8.44569168302591,6.891756956421
9.40184791029388,8.40825339720555,4.31837807080787,3.94016007466894,5.30901580671634,4.03484683599735,7.99253621900342,6.55545730380427,8.12962661235627,7.10185229655736
9.9585988578478,8.56252425726331,4.11972520980529,3.4716581923759,5.36436108802469,3.86574786785911,8.25092983416662,6.67531227451719,7.82125143945719,6.89423745939986
10.26190410278,8.46852963794992,4.04495251963254,3.47360291035433,5.18008152935587,3.50768460687564,7.87991074130879,6.46223739520641,8.60107772291084,7.14933032414453
10.4706459128545,8.51388222386689,3.7690167796924,3.3111223162195,4.82296044369407,3.50415406032151,7.88948190009084,6.58862529250189,8.79004369808734,7.05102048988909
10.9062349497752,8.67162394271044,3.24911950579544,2.12122162101727,4.46028200226219,2.89404563741759,8.72932820290271,6.29696317660976,9.69792680806356,7.36255192165021
11.2241277128132,9.00154096318014,3.53454132566428,2.43111587460918,5.03295948537676,3.17206555835394,8.58098377200493,6.17595464378891,8.77102862935179,6.22230385641608
10.4891072763314,8.63688346412727,3.6083831498981,2.35448280079842,5.23887745733626,2.68239892787474,8.50805644541738,6.70258758667502,9.2515199081914,7.33834606652211
10.7750126218407,8.84219220032327,3.62829583481608,2.69429189745993,5.08323691026961,2.65941622872628,8.58527605826114,6.43190891667738,8.97457748674793,6.67945692306025
10.1536401827144,8.27599833776896,4.23521908964548,3.71001816054698,5.45859195514529,3.8696495011256,7.682548437035,6.67246983510674,8.41629831516211,6.96037191600025
10.0166182617697,8.51251877293216,3.74913780344246,3.84490287362592,5.28292453163606,3.37456360635055,8.25142707337392,6.46588810744667,8.54979975965948,7.06247476349514
10.6919417330009,8.60178533361689,3.40007920317905,2.8543359639855,5.21571534923541,2.90223597743731,8.28494097373274,6.34933464351166,9.24134627382036,6.99202294101612
10.9957843562942,9.02524333427969,3.81965232186051,2.20854634546266,5.10538679704153,2.21257652700575,8.25873064627317,6.4497339156365,9.41237576235656,6.81112962393952
10.1007826906905,8.08733031560167,4.68946149467181,3.67346260833803,5.3539697470611,4.18309759047873,7.5524018531382,6.61152948777782,8.14234847984942,7.06309314856101
10.0701562400609,8.46607696131554,4.04753204161505,3.68257870988269,5.31095618661588,3.49221935051399,8.00105854824345,6.67075152310716,8.24880509364911,6.89078354659243
10.8062561115216,8.59110017107171,3.6251716866734,3.07738691048214,4.97780235881309,3.5412937624415,7.98147261928745,6.58283990417647,8.79819741233171,6.71164209496228
10.3211572927272,8.19330270201809,4.02095431459675,3.34894586564407,5.46064668992432,3.95519371436113,7.90804029540613,6.63506209004516,8.53936163382872,7.09701412301865
9.37545210540748,8.63416740525174,4.48076412772246,4.35340084623244,5.43403757922632,4.25726949981351,7.73953408278918,6.55300628972917,7.61966099329407,7.27667343120477
10.6224455767966,8.68486531759476,3.82145008958438,2.31440497629003,5.16519255553249,2.23771252453237,8.62529155360143,6.78293993486577,9.06893268287763,7.04021426408213
9.71862853925712,8.05669483156084,4.62914055897909,3.88767449432952,5.56487061936529,3.48461231523471,7.92714031016139,6.51240382614594,8.26457561085904,7.10698744754637
10.8718783947588,8.73377521542734,3.49422892094232,2.66847785877737,5.10713384766549,2.61060649274477,8.33552761496195,6.50924117101788,9.04966385456536,6.74759796014849
9.78753593587882,8.15646994104517,4.42766183189342,3.69408086745391,5.62427804591945,3.66100743358617,8.13650843158921,6.36680327019387,8.53386793804775,7.03484765673348
9.84148514866003,8.04404741153242,4.54507965500425,4.08288861174754,5.32278416365461,4.06140954776493,7.81071846723836,6.69156362296313,8.17739661756258,7.04818010243113
10.7221084908031,8.51167403458456,3.96512579833521,2.71181851787153,5.24631093025348,3.61506588911704,8.24325561888712,6.32961465422895,9.06919164613198,6.86499504189009
10.1675010326081,8.36073134694073,4.45198196470882,3.55739947491247,5.32668555605434,4.04791888633189,7.74598599224626,6.49880971283711,8.10363384534433,6.79386747529347
10.5072416794417,8.48804922019485,3.74142409269354,3.00801833390327,5.36592097564083,3.38919169290535,8.3858689819263,6.34630679623176,8.91825772830112,7.06898598714568
10.0601274116418,8.58162098173209,3.47544908313899,3.4104624048031,5.13907621623822,3.17016422844334,8.49081088766755,6.49858873091956,8.86415829813988,6.99342286800546
9.93725832936085,8.28560970684348,4.2351393615065,3.50105366816832,5.37194589315312,3.59116349496316,8.099785532747,6.43702724217665,8.46267455892975,7.06369341086836
9.62784593745086,8.39364779925291,4.37646943508823,4.08170190143868,5.33925874645999,4.12583494200735,7.78892424952313,6.52469171648808,8.21243142192107,7.05656124837977
10.7134211218275,8.49189451562479,3.94820696192543,2.33097523110131,5.35347119193943,3.21991621903887,8.35566931357677,6.68656739944648,8.81164518250026,7.08976906601343
10.2702805198913,8.49274430515242,4.53166540008152,2.36537513057272,5.38115116297547,3.57379196654328,8.17629546791559,6.64280871280814,8.72987298705345,6.90467469890235
10.0318102718705,8.40220175166169,4.22852987042817,3.14821293928797,5.48419280912778,3.59819824951743,8.39963911331572,6.45205988747642,8.52563647719048,6.94380534268224
10.5509102547093,8.81423128084214,3.93903315628888,2.69302072801005,5.00380519933645,3.37132175553002,8.35297061936636,6.19462667047099,8.81593598136218,6.88241499487802
10.617307001813,8.25549215282692,4.12496823160391,2.41350081998593,5.21666001055776,3.70496798691108,8.10338339908238,6.55441762115348,9.07904074785891,6.83917197777099
11.0420610019909,8.7103878372192,3.47267215619179,1.85654288592335,4.84971028446214,2.08581418305781,8.55250968931111,6.56251767294142,9.46058043609451,7.42914995434515
9.77233529570229,8.28946863917334,4.15251403978594,3.41300459239201,5.24459088992819,3.84088507080093,8.02759339989566,6.59565987991408,8.51508564013958,7.01913090366393
9.67465525929268,8.31340027834959,4.22866079946373,4.46532482506235,5.5847004729978,4.07812918233523,7.89103712738322,6.50290777457477,7.86964857006238,7.01895601472673
10.2651575328505,8.47276644620779,3.64542544901795,2.61927436568361,4.97272821302455,3.59438514772161,8.44415210589739,6.5481735106871,9.10049981529791,7.23384872448414
10.1614803427585,8.38292860052824,4.56016457767484,3.45316996752435,5.28656198632948,3.66590514717862,8.14217382297076,6.55940822549038,8.28135673925627,6.81963284658702
11.284304525252,8.89079090574914,3.07757041725597,2.39564931135914,4.46900045608114,2.44158216905747,8.49194337319751,6.10966276548965,9.45354502435595,7.18476846195624
11.0370740328241,8.61181898390138,3.59108096758751,2.48208161177525,5.09213853673842,2.96590573392261,8.43281950767867,6.54087601642254,9.18464077890551,7.04262477032761
10.0618162863222,8.66083038345734,3.44652126444898,2.52220605023929,5.08387567110132,4.039198346516,8.58269144469268,6.44446855114888,8.85299058655519,7.13805870741186
10.4365291783858,8.62695657288312,4.10509259177676,2.97949288320579,5.31617456235683,3.21691037266729,8.48280888102418,6.56777785952784,8.56479503684554,6.6932548665115
9.84901867197301,8.85651161613064,4.06287534217349,3.54204847351942,5.22943980990952,3.35032847583213,8.09968883756883,6.42308063376616,8.53388165570612,7.10091737447768
9.56747457164667,8.31220354318649,4.4914338864277,4.09299236600011,5.40424734634944,4.37925788855199,7.91756456263236,6.41063317778821,8.0506613804974,7.08518030247455
10.4802524671251,8.58889946809703,4.11392647555087,3.10130879194243,5.18094583840832,3.07691797551647,8.01453882214895,6.44457033034257,8.83147465756733,6.97488507467237
10.1270437973558,8.47392526603882,3.69951488102607,3.6980734315151,5.37013499463312,3.7083051764009,8.33199206770759,6.46286818051426,8.44025748314864,7.05749998264454
10.2898341323082,8.36243984884181,4.327980587291,3.41473751488004,5.44627195878901,4.0035589235416,7.84965611663963,6.58157346659202,8.18773974848877,6.95309320917522
10.9693259609776,8.46554455370523,3.90214165788669,2.35015603855534,5.22530528468764,2.47921647799903,8.04213158907579,6.80276225823785,9.04165205147299,6.85528861649091
10.1360685419184,8.72481232372556,3.79451612027503,3.17652942859898,5.33869220195744,3.31971596829705,8.40486520833004,6.49200588865532,8.61525865171632,7.05707011597142
9.9512285972838,8.27335457253932,4.60061376580662,3.72959521549703,5.50915738047519,3.22820853620613,8.05147043169675,6.4935359133695,8.4034813622586,7.06479590580604
10.4299719781635,8.49563240123406,3.7723449049808,2.72066715252732,5.22916108035992,3.96629010891435,8.34227720835538,6.43969425338283,8.78690002453828,6.8091030902584
10.8181052547705,8.42689918011093,4.2673299515288,2.79625621112825,5.33904354797511,3.34250066053519,8.24406985715874,6.53294750852796,8.64493272008927,6.59532667834992
10.1096430503109,8.50024516367712,3.99622011323651,3.31809602966831,5.27715830257477,3.37781663438504,8.29227044050238,6.51707732965407,8.63936505603464,6.99921407823785
9.94158503360288,8.32027595902217,4.52874755815105,3.31006992948389,5.34041828704608,4.23668607206652,7.94928819005049,6.52185547887901,8.28687783566583,6.98670135601449
9.54100143972687,8.22283859623355,4.31643644195176,4.21171560824811,5.50280508665116,4.50682247371548,7.80746268962435,6.54497824529303,7.87868129987151,7.198977319198
9.93509660176103,8.70559123840265,4.1510252578929,3.75785570962858,5.24753032842854,3.60367320176514,7.99848955873432,6.64022449267643,8.10393499108142,7.00648802414949
9.39064499668776,8.30051839874631,4.36288573997882,4.0750806991162,5.6786480885039,4.34407689757676,8.11068306054055,6.30026343938174,8.00183942083294,7.18282490457629
9.66628393955134,8.44105222307495,4.43826857898161,4.19392796549521,5.26540564832987,4.22396698288039,7.54740962868437,6.50152994465899,8.10342024371106,7.17842395435219
10.1375784780259,8.8261489839531,3.46888804190847,3.50800304971299,5.10634096484672,3.65679507039081,8.326115547088,6.40607113127529,8.48779292096858,6.93270246750289
9.5335087190244,8.48005615493729,4.34794022507664,3.91189478102297,5.58313746734834,4.40664380025919,7.93514440642735,6.39202582758227,8.11437397045415,6.8179045858296
9.57955619166234,8.66589967916922,4.00703772222973,4.05170901702079,5.30477013525368,3.84886366748361,7.96597597914622,6.48665063505967,8.29555894376293,7.06248577142259
9.73274517909898,8.1331525006108,4.65179217153445,3.2592165216179,5.52459889340002,4.40411085410518,8.29650895153773,6.43400188829612,8.39456264668945,7.02478987784807
10.9790205263399,8.77350413933432,3.56456971475938,2.78040999247453,4.85554749883203,2.53615216860467,8.37783906009703,6.42980206477858,9.19650273824329,6.95376711356529
10.3994352980395,8.50315788968279,4.11252479451768,2.82532138733641,5.35552977025414,3.45393244070428,8.24886054000904,6.4643120002114,8.87400755939658,6.82062878271473
