H_1280x720_dim_far,H_1280x720_dim_near,L_1280x720_dim_far,L_1280x720_dim_near,L_1920x1080_dim_far,L_1920x1080_dim_near,M_1280x720_dim_far,M_1280x720_dim_near,M_1920x1080_dim_far,M_1920x1080_dim_near
9.85057988168312,8.64019066773638,4.53664628242456,4.00538862657428,4.71119742997096,4.30009881905719,8.46541576966433,6.27237792447052,9.41824764973837,7.5530490006383
10.5430481384836,9.15039889762322,3.92207219712571,3.09245114024614,4.72848881949511,3.06381504607457,8.52036169279373,6.26040512623834,9.98508013665957,7.85494597801684
9.71680258971999,9.2153890125174,4.72417674767708,3.28790127333062,5.21261105510873,3.84381609124354,8.32052646329003,6.33522548064834,9.59152615049882,7.39491865940926
9.64910876359124,9.00742455745359,4.36254401223516,3.72205900581409,5.06059995244473,3.98330796135269,8.28750166270319,6.32920511579891,9.74795861329951,7.38263250720947
9.97561705628467,8.76912403594001,4.3938197350929,3.49786381615964,5.10653804992221,4.00634122481347,8.05409251642221,6.63730790071271,9.4172892704971,7.76689261593541
9.65725911140619,9.13548851289378,5.00431808645893,3.30088134330022,4.67381279269341,4.23919335516407,8.43530810957764,6.43782843202853,9.4117465154965,7.66747440883176
10.008909270129,8.99582793524609,4.12295508309739,2.82918962028613,5.09692729425539,3.74430307209828,8.35664176749275,6.48990972778562,9.81781727884839,8.06898041191977
9.66005254917803,9.02752396966498,4.7039711980596,3.36896258313371,5.24591047525944,4.47638976288906,8.06928101929069,6.46101673923723,9.16061373536296,7.7152946864446
10.6646733322612,9.18934588201292,4.10170638235695,3.01804251646393,4.6031668554073,3.79534584405783,8.38396595230042,6.11894717566593,9.80818025381285,7.56787447593269
9.38006464152841,8.54088065930187,4.21303043787063,3.6178917947533,5.4575393561067,3.97627039440831,8.40085385756865,6.63175969270489,9.37679400521743,8.18031938710248
10.656511013865,8.63625674588207,4.0738953623819,3.42550993157208,4.43928483836619,3.77970342790025,8.37268270326449,6.53274983589731,9.59960704442443,7.82054335221532
10.231305312604,8.75712582427314,4.10947584254936,3.4652721273945,4.91680956878291,3.80105553559674,8.40276882305466,6.59526298732575,9.50372619799033,7.72883985003536
9.81546490915831,9.13049766723727,4.21644236273233,3.22774102889557,5.00588682559306,4.34216354560439,8.18889654400765,6.25475883873562,9.48363735413601,7.89652118267861
9.41032067804744,8.47206816692904,4.71037493607827,4.30972772067471,5.49580738609986,4.37133841480797,7.88428625591561,6.64027840788578,9.13547483758801,7.54525295986903
9.71896729311881,9.067821968185,4.4012401126437,3.79073536361215,5.10441292583155,4.12134182811367,8.09133807463931,6.46546050516127,9.41859371296057,7.60742812112116
9.39508248726012,9.03095580971943,4.89436958941808,3.72685932483814,5.42019879493724,4.53150146423597,8.01754786093238,6.53167713524167,9.03486180639917,7.61665932616062
9.27346531735871,8.50571974909718,4.46527104069267,4.05523587558522,5.4865340501887,4.30286306282139,8.20829420482466,6.4431584680086,9.22083818021515,7.55728414261145
9.81491207621566,8.99973403665217,3.93130547889398,3.97925624300092,4.50978514759083,4.40333826275098,8.08406253781922,6.29443374065428,9.76873971338777,7.67217312337953
10.0737528529174,9.30755418005092,4.4117454266377,3.09106427579252,5.03885428036786,4.18311878520316,8.19603020849791,6.43011392620031,9.3036509046563,7.58734382724432
11.0737182264424,9.08680387598498,3.55511756550273,2.94096744364183,4.21391058791485,2.67844549238589,8.77534415364322,6.25608224746427,10.1220517447294,7.66951884680638
9.82155827346744,8.7863606228347,4.42865123866071,3.92385538854295,4.76774073858866,4.37140515646109,7.92892065273284,6.6668849256301,9.33531910061422,7.52605042760311
10.1755615662333,9.00376017928422,3.87405561248771,2.67835374430036,5.01526066515723,3.05959962541138,8.39419731501618,6.55591414879691,9.96012805256314,8.37033478823371
10.1034190374163,9.12553883145492,4.52712153395021,3.19730200811671,5.50095710223136,3.83523421329196,8.17780199651576,6.53308751124452,9.22152182808774,7.53619792079321
10.2532016988532,8.67947980648005,4.11244609799111,3.43404914948403,4.92936142386826,3.75608678702837,8.11507999149259,6.64219026873718,9.36873233803951,7.71229389598344
9.42796352762875,8.63670819452037,4.61412400389719,3.77323515851162,5.47611512515736,4.6814673953023,7.87668312630377,6.67535770003491,9.35515087400263,7.61516321993924
10.0946550042428,8.90173061481716,3.6148841082466,3.43518318120123,4.34850047600247,4.47841490865474,8.17003506829191,6.34858865364401,9.95565928839422,7.72466514597066
10.2854942930951,9.35203241514882,4.23616906563432,3.12527819766028,5.35694322021708,4.17935467679445,7.94588373825915,6.45513614725088,9.63765955275609,7.10165415929822
10.4956919595274,8.86758883160579,3.78459606728788,3.29103459178643,4.51210099874794,3.69241296903557,8.61071492386803,6.38015761877205,9.82055229937831,7.70390950336855
10.2115046485401,8.89759179419366,3.92119036028454,3.66849877836987,4.80543144003691,4.24930279936134,7.91984969951094,6.51382723942224,9.4259493326346,7.45053337717442
9.92828483862843,8.35349146308873,4.22064598337015,4.08288458596105,4.83597607314903,4.35991822117418,8.04465087626128,6.67278852964855,9.59074314650229,7.47538798433898
10.3260528873124,8.77196412786967,4.11511494277923,3.08390092577545,5.20749989105484,3.54857424120225,8.29260083020979,6.61075138843123,9.80678026396774,7.7166765217937
9.93552140623935,8.69211478877111,4.06713662795348,3.39451725235016,4.8097095771321,4.28288447627301,8.23662449872019,6.45655431926565,9.94922849773397,7.46299165815087
9.77210234440998,8.87959946866716,4.35279166689326,3.46605763282133,4.66814091009472,3.94243328136577,8.49125775140964,6.31754416526037,9.6257869017095,7.73534850644237
9.96674584963818,8.33522697540769,4.77029317309282,3.94471927839601,5.18063047339976,3.87334577355315,8.21707450762099,6.75571942899707,9.06697671597779,7.80054326908388
9.26576574556305,9.11768479528485,4.4692847216519,3.42220390101536,5.07492151433691,4.43191082902616,8.1174754178504,6.43554893717976,9.30726761720511,7.92195120972077
9.33872451797757,8.79693679936197,5.07544309928661,3.67799991402553,5.37840872236338,4.85015249582488,8.12118034099377,6.57452032897395,8.95187721395698,7.56532065994015
9.58800603459315,8.92630687992537,4.37313323434961,4.0831749559149,4.52514714784614,4.23404767990458,8.05182783172696,6.48496216502212,9.45324119696395,7.76256388581313
8.86840887891186,9.06903990345399,4.50120171896072,3.96311137420644,5.41104463436689,5.24309446983208,7.92806152134216,6.6233811133891,9.02123995160671,7.69725911217742
9.62989712054877,9.10758099594769,4.43130185547089,3.26598611586869,4.81892484931894,3.96594176642674,8.32454886784358,6.38953848841014,9.68626682992849,7.87153261101863
10.0438395023198,9.11296632589555,4.36376718131076,2.96453434056466,4.53975555938505,3.4684700206124,8.49699846091734,6.27756707412099,9.83607872307997,7.82540516616455
10.0052467139775,9.01797641711819,4.27068658518581,2.87986805298635,5.66786052237598,4.30528354051256,7.76211887349143,6.59467944127848,9.30332339783092,7.92827700718723
9.44555887851619,8.82705863361648,4.81183090261216,3.65651209153316,5.26161461860278,4.42560056880131,8.18015485696502,6.38863449158274,9.42131048486931,7.41909917986655
10.1717164551696,8.84052278840083,4.46267656793379,4.01845586637133,4.70119437136761,3.6668499404997,8.14023177540412,6.60030583121053,8.87952401103145,7.73964978061493
10.4292827177478,8.97180685455045,4.6741828436258,3.19563332666878,4.57301443172375,4.08805749070809,8.11866022321957,6.5068177910661,9.48916278948479,7.46461215727591
10.1465271534257,8.81012990355998,3.69944800443429,3.30685033361574,5.07953129212723,3.25863036618359,8.39963317831081,6.73722253480403,10.0024177291655,7.81201675308189
10.0268429393648,9.18145795158267,4.38921569076679,2.93385598588218,4.88860678055249,3.6905899973396,8.21288412917109,6.34763745190876,9.67114082887992,7.92677539793628
9.76101680471315,8.96064455681853,4.28313814565218,3.14756074934411,5.56040787492846,3.83680320246338,8.19324169405824,6.6008526518434,9.55412399017392,7.79430009781074
10.3102338211678,9.51857344538115,4.3310766774039,2.44157263419785,4.84754342950695,3.53865539237551,8.01181848584084,6.3973122620826,9.66155175953814,8.03385880852502
9.5139596618494,9.23459351017002,4.84021414611059,3.09446158528256,5.1083671775343,4.65783869710575,8.01074087388529,6.43001665143359,9.50768006794493,7.6045602517274
9.65939328293702,9.46465630240336,4.68770501507057,3.08898754196897,4.85541085642096,4.13017330496257,8.21320787401207,6.31642382193015,9.28779513393976,7.81063516968123
9.50024676276022,8.87318802262341,4.70851423953163,3.63575202839491,5.33070113001516,4.07147181380832,8.13497494025845,6.53043443180554,9.29102831732849,7.95626466152898
9.87107033582085,8.68808690721629,4.61170729039477,3.38952897037927,5.0693614994014,4.08021726502639,8.27410983675469,6.49128096003001,9.57672918476975,7.63572612607408
9.36460394044034,8.87825361126212,5.09456786984034,3.7497294329773,5.27201490176708,4.33863267816047,8.14466009070969,6.61120667818694,8.81758116403558,7.82165757657503
9.4466677207221,8.73745045944588,4.74244111021427,4.22191407081114,5.31025025185517,4.29260965544604,7.83644318988337,6.64278571238641,8.94497546058285,7.65648375464959
9.99589070597719,8.88010642928612,4.25110316085162,3.602070450072,4.9664432072279,4.3749716432549,7.96926599766496,6.54398284917077,9.44041135786707,7.62347074797076
9.23107750893327,8.97462591793832,4.93198401299457,3.67972377132342,5.0901363924909,4.41404976006928,8.22128381532728,6.47975545085043,9.41722494382049,7.6598776205232
9.49693543646233,8.40467490017638,4.68242312393272,3.94302873597103,5.41188285854132,4.00523802048348,8.08606335747878,6.76791748679584,9.31271606775984,7.89876332343706
10.0165204579129,9.04744775603345,4.3074161322652,3.67705030063932,4.71184445539742,4.10320434513882,8.36055181769624,6.35398756662603,9.54372412112427,7.4702656906895
9.59543274640714,9.2647893503193,4.44850517670039,3.48049502772485,5.10116787524312,4.51985285148366,8.0534272839292,6.42781795740492,9.4898909529272,7.64557429219147
9.0279558236408,8.78927605351072,4.44878728217848,4.14729678106529,5.22407309020257,4.62372422826286,8.1581374870651,6.614040282001,9.50388176970151,7.57547814034156
9.85879536180612,9.28236064627157,4.60965196086666,3.39849117462654,4.69889991373371,4.31430932699451,8.13208205935855,6.49627264583443,9.06033194409168,7.65140060316926
9.85761071641241,9.09807097287329,4.4509925268922,3.61708427782274,4.93934552824502,3.82320480002878,8.2935614657588,6.16592350702379,9.64238436750708,7.48862323877888
9.62993198269158,8.65611920537603,4.47614707609314,3.42769375705276,4.95762303173627,4.66380563544881,7.97758555606005,6.65669788945975,9.61166258197076,7.93214410196318
11.128131300489,9.63788972917257,3.75070248368515,1.18314384828943,4.72808573613832,2.56161700630474,8.56261858937883,6.21177586345147,10.7901479252376,8.09914483300861
10.0951777009547,9.0556177886456,4.34662351902962,3.26810371205493,4.81740544874606,3.51575387252453,8.6586565000786,6.2804910724709,9.81059595482266,7.63210777204534
9.52786470461335,8.39882436572417,4.68019256168411,3.56756322942357,5.0183131116623,4.01627245904455,8.4649788368404,6.68417945603871,9.50831013110223,7.88016527661596
10.0750738412207,8.91301234451379,3.91833232896725,3.40172083179967,4.90574170269702,3.41446338191156,8.47279783717935,6.47221655979173,10.0134131288012,7.72723034186779
9.56183612235173,8.9129401791914,4.96625102860592,3.55156415292838,5.22306278910655,4.42011442615557,8.09936432273226,6.44105686751198,9.31068005714885,7.64319733653881
10.3585327774014,8.91634503508134,4.23067248215227,3.15240246012431,5.12822898782535,3.4473133268083,8.23988052982595,6.51358684493473,9.53174500584052,7.67877531319427
10.0491880094484,8.75253068715332,4.06040079873595,3.63089743168355,4.94152125076843,4.12461081744593,8.41829942333234,6.40014164754612,9.73755463609195,7.48884271980757
9.74188161917861,8.85305721005344,4.84871343999748,3.65307399170887,5.05499756856808,3.91620538575164,8.38519524118475,6.32190458961824,9.32102011055314,7.65774897966405
9.50688688351181,8.61179056513627,4.40432979244457,3.72187442075282,4.76217489761672,4.40552373631212,8.36751101261932,6.39725599049617,9.67093891891792,7.68693179963575
9.36203737643141,8.68975732874516,4.46449235903814,3.54280730847497,5.63412997093916,4.23592779798491,8.1368238118109,6.61380829139206,9.41593469297159,7.78363869078862
9.6104090230091,8.98387495934902,4.26137212933832,3.41818721072964,5.05637087363489,4.30503835515871,8.18331067073857,6.45114262817597,9.61098179592115,7.4890068493546
9.40776145585415,8.96002557231908,4.89308527877643,3.86392002271928,5.06325390333656,4.41516383891908,8.05137171886118,6.38938304242122,9.31258309468287,7.73920818475223
9.74181533706092,9.2802187659455,4.14212570850261,3.34798951726174,4.55469396975307,3.97154748982849,8.24855013527854,6.28177598517934,9.97820845064474,7.60730769692522
9.87077480020105,8.90920251573789,4.42312849042959,3.84693449635429,5.13508650954352,3.74524352857242,8.13867076498541,6.46051547938482,9.06303064854853,7.69007720847839
9.65708132509983,8.70991345859782,4.48749389987437,3.76238878874937,5.4672607225729,3.78791033637568,8.41931104732634,6.57348096899741,9.2530654051009,7.67232424532427
9.64468886536526,9.23146840107841,4.56521459197278,3.00914459016972,5.30147379127631,4.11106622980581,8.48298875127246,6.40837701786202,9.66362926683731,7.49721988033404
9.24006689678061,8.74644805050736,4.91561898145691,3.6653346303824,5.64594106397791,4.26190435218512,8.20693776056592,6.46691991193633,9.31597512490359,7.65759070680535
10.0891461642265,8.65601692916209,4.0448615188762,3.69704075279052,5.21229882788246,3.85040547882745,7.93559293350725,6.53314222582068,9.55864315163543,7.57730436035795
9.84683047807943,8.77383689649155,4.5544341578762,3.59624205396412,5.11800090623189,4.02465847470242,8.35932152036873,6.37821941552367,9.62225843397675,7.42090386946984
10.230316755236,8.90782059601159,4.02601805034386,2.98106234888541,4.64438577943227,3.09131807770348,8.61302472013753,6.55756940489611,10.1112102881467,7.8281930478045
9.55577204067303,8.72994270056238,4.37656192526365,3.52705913596478,5.1325931236391,4.59448539924592,7.96004455711068,6.5507804479016,9.73947132832829,7.65545612054889
9.80046270864363,9.22191810917838,4.23749604830611,3.38044506043199,4.42183123354363,4.25373560762751,8.41537895224346,6.33069064747622,9.75306450322572,7.74291535016532
8.80700809483588,8.6131092135331,4.86993372153217,3.92053462044647,5.62840337619696,4.53699293089411,7.84698198448996,6.60559248086693,9.54533456934873,7.86503036740486
9.87522047726874,8.80808053741971,4.56837503878441,3.35845663274469,5.19577954586897,3.54494096810765,8.59304690554833,6.45442678687562,9.76155523875256,7.61512022220774
10.2737751101839,9.18395459036894,3.55595410705124,2.69491462696343,4.82310711391557,3.07741796330731,8.56878048455387,6.44608926738899,10.0916852891247,8.36423589546511
10.3922050376207,8.87274016714219,4.88674779578858,3.01946613480084,5.17879978951143,4.36696288264104,8.23420119215247,6.44779129682899,9.04946792995022,7.66952184201532
9.12929673558953,9.0215301023091,4.69925275793511,3.83476064702851,5.08037917213216,4.75739622905893,8.18320675596315,6.37197860941905,9.50456621810003,7.57580686585564
10.1436647876515,9.42472713858415,4.4321436588065,3.4024331430396,4.5206303489886,4.22823841045444,8.23601035078901,6.09018945307715,9.75593428240707,7.21047890519917
9.57511380096055,8.37837875664744,4.48872500153152,4.06597839474893,4.71959209960954,4.71569890689392,8.11159586721042,6.64381078989439,9.47143167363057,7.8174633173437
10.354266603473,9.02870293351106,4.54875500155205,2.85683189728485,4.71283938817784,3.91034999368189,8.21435889713814,6.54235933520921,9.64384548325928,7.69892420411505
10.3018659289702,9.09085089110655,3.80758354548691,3.22560835849283,4.95011742957056,4.14278827597148,8.3921308123528,6.27882914865586,9.62979272751349,7.62131292995048
10.1108871928238,9.2951983683647,4.14640475199217,3.02261678674479,4.68234680816843,4.2085270677624,8.242324667258,6.20844563155423,9.49133750197946,7.92339820761414
10.0598551401839,9.55289242058913,4.29317672557645,3.09754548735785,4.7028720856699,4.22443163425409,7.88061692727184,6.36769309085753,9.25504745712846,7.64625726064381
9.03345200369809,9.18088454508711,4.82398891045864,3.3333218972425,5.44942979241923,4.46950266756266,8.29046541445748,6.44407397076419,8.93884611896208,7.88732210564289
9.30875737361256,8.94670363648983,4.55078216929915,3.48418983360593,5.4362725782727,4.53977477025089,8.15360679275594,6.43559089281972,9.43627789917555,7.8049635386477
9.42411483395263,8.55817485800227,4.80100354128755,3.76913692863578,5.33173218539869,3.71560734644117,8.54871712150118,6.38842176430355,9.41039800977901,7.49632630631935
9.85217108435825,8.78840527774866,4.42918853436255,3.62774796087606,4.68346064444939,3.91074858439861,8.41621896285995,6.38240625471028,9.64173061566839,7.62417356828833
9.91345668363413,8.78592380534731,4.44060532152527,3.13493838896377,5.48754963442212,3.91804021783254,8.09736755936736,6.73626933163602,9.276571666874,7.84089544154417
9.78117348998075,9.31880567513534,4.19713685013331,3.33012563892976,5.23464135743144,3.94916033605589,8.12876903078067,6.37380745991444,9.47971321485603,7.64314752304501
9.5600955984858,8.8469868543847,4.61909929375252,3.01240833865462,5.39318198635505,3.35222658514292,8.75882784895391,6.49091440121288,9.67243419303407,7.78234429064732
8.93446221196731,9.25901390400351,4.99330191092261,3.55449122021366,5.45247597886748,4.73488891598181,7.9868540871357,6.39113422437726,8.92682902869621,7.79997587212542
9.69144771273959,8.77135773736494,4.56503819818803,4.11189975693346,5.36456359086441,4.48671947772381,8.05790962980417,6.61522356940966,9.03598819008132,7.32510777235532
10.1038601574241,8.80220061405769,4.87450958764642,3.07235412251026,5.04492041130618,4.03534536104271,8.14086103119743,6.45662793859726,9.35465374316092,7.91000934892917
9.41829566718854,8.89251004036291,4.50560609565599,3.61259613690611,5.21825059014525,4.30815854492401,8.32750574603167,6.54484458663069,9.20231137178241,7.71336017718058
9.56083447741285,8.55969176594959,4.26827485691292,3.84728564129539,4.99561344030949,4.49798264942253,7.9940665596615,6.54159275849052,9.45693651675389,7.89325541946503
9.57606294801168,8.63976137724843,4.84042174986141,3.72117522434847,5.03292805814382,4.36058953982639,8.18051296067852,6.50795945358528,9.19769101248087,7.91062164573609
10.0281401948143,9.07842282235969,4.62143887444897,3.47266588485927,4.85595614887063,4.76137546526885,8.00822593902699,6.44158946975724,9.11168080828707,7.57655665381295
9.52261955485015,8.90817342544414,4.6278706447089,3.21647976209693,5.52407766164986,3.58887614758159,8.32093100891334,6.81123048211261,9.65204045004397,7.9360622317517
9.30067216916357,9.13106783914773,4.05446523268585,3.77442960421518,5.15441629453715,4.86554413201546,8.11160199850932,6.46038859958159,9.37019760062048,7.75172260813216
9.41182151837361,9.21095056595517,4.78041371199264,3.11200367835097,5.13391399928381,4.23965262870921,8.42801499952811,6.2960885694201,9.37725209617912,7.83865231804541
10.9215539523417,9.00050580275316,4.04535097279585,2.77948713431818,4.85167218413037,3.61904837950247,8.43310084223126,6.18541269388142,9.87723647248814,7.47307571042602
9.31848642686189,9.23686309169743,4.87448918017023,3.47831488660289,5.41920698428784,4.50096243042788,7.99212798354891,6.40463949412513,9.29518000609117,7.52499192466711
9.87322577008156,8.63432878033136,4.75951948466676,3.74721109947098,5.00827013097128,4.30637502218442,8.17955406548577,6.46424945570926,9.54121021755307,7.58818202333603
9.96515869500899,8.97432037826016,4.66213979047502,3.27352716099866,4.77387567463557,4.29452023706881,8.14354920358088,6.39482076571231,9.55225272720509,7.65528911884799
9.76167746111446,8.92523230067528,4.21611647065388,3.62613840486108,4.87609232198753,4.0256902610093,8.53227956630055,6.33001860943413,9.51343550340342,7.62214960461687
9.40441021858588,8.77673725800043,5.18455507111345,3.56130712337204,5.453175333024,4.69930446412282,8.09319631503396,6.46032396344435,8.95023959989267,7.59581707243334
9.10832532651544,8.49908684639145,4.6431815534204,3.80946057845575,5.47836673507075,4.8587385839052,8.1462188271999,6.70638807230695,9.21468262948583,7.79853362631477
9.88453852693311,8.88014360859215,4.42256454904628,3.54646233636733,4.97473757010989,4.38596120115901,8.06512895829338,6.63747181336755,9.19486936070741,7.63953970793622
9.50141495117263,9.21093483252867,4.904141700148,3.55779210207544,5.09689081066075,4.52536717086226,8.02486447535378,6.49961509840981,9.1580844028624,7.42353902634095
9.93754481703576,9.16974489926579,4.39638661011384,3.47703519835751,4.72977767272073,4.3658689089785,8.22077355224784,6.34282614274765,9.45376281755094,7.41618195258346
10.0420929644478,9.15606404736963,4.77209612768295,2.5378771202012,5.059251297956,3.46346609212706,8.47162832589359,6.13889663306232,9.58905093305737,7.86852552257958
9.79619759057583,9.03392359723747,4.34367231696747,2.94365754628293,5.26680582889759,3.88842740876237,8.33318054689041,6.5965746124937,9.53152691768859,7.89094389511888
9.38279417642743,9.02661177737209,5.14280710573731,3.54539740035653,5.08203984982526,4.14920748201073,8.1491962958284,6.56127268162889,9.23055990530025,7.71940499440947
9.88477637973739,9.28897135794433,5.29494014098916,2.736624763195,5.09166777513251,3.64824593783422,8.55429523920177,6.25951427771718,9.21193499809521,7.68775656415819
9.30608341988407,9.19512889874692,5.1366879730759,3.68839743295403,5.04743472300673,4.35171183177642,8.1608843916343,6.37942022486672,8.98524598309409,7.80155496172927
9.67722410493564,8.99953926064315,4.45826116500269,3.26705124973633,5.04081411678024,3.74021095893258,8.19851849190534,6.57400428723115,9.52515392454633,8.115888703579
9.61923756072223,9.24455243009097,4.5445989429044,3.43629483130989,4.65964173670687,4.01535219353109,8.27609196032566,6.21936732148394,9.62062870345654,7.7562500322407
9.63750427992145,8.74882622433657,4.29642380796708,3.67877252757898,5.35766552982375,4.34969728385541,8.20151311316536,6.5701276871238,9.37178676847406,7.75622109861465
9.63109086100095,8.5189561855233,4.67393179372416,3.88546263123777,5.12055689397127,4.37006368034504,8.04555413800018,6.4865350039843,9.46199360415984,7.69540415250784
9.9847887831224,9.21303643334042,4.33063407201018,3.25600813226228,4.55582848951381,3.70611674170802,8.52349198785497,6.27537246091497,9.5379903671372,7.91095738104318
10.462931616181,8.6755074106781,4.07054629700875,3.5778111656499,4.88477045999607,4.32330618114367,8.21403505391129,6.45169902154196,9.65451198782951,7.32707130824799
9.3499986376314,9.05631798016457,4.94550652865459,4.09091322096445,5.18227384825066,4.46031100569225,8.17587656669948,6.2259473017738,9.2832835169673,7.38773605576446
9.89915194979499,8.72673553718394,4.10821454265137,3.54150827804751,5.23451133780893,3.9098456910969,8.3735879334937,6.56573105327077,9.47046646872421,7.96726522488004
9.86738847558179,8.546214775971,4.39438284421161,3.58046736765001,4.6433502089983,3.69192262059278,8.71292741487544,6.37118849038027,9.93001684581762,7.60725249774062
9.69370261995731,9.1172343593435,5.08012273253714,3.10805727179017,4.82099946087441,3.95155506338919,8.46297120850318,6.38131436056502,9.70257450053705,7.61429673542412
10.31488622851,9.21875338721487,3.96035941802428,3.18446265325666,4.7477956103972,3.79529142612357,8.17309625212211,6.50242559279867,9.88142702796156,7.71432186641624
10.6631143935576,9.47302393980749,4.02046363624719,2.57538541887234,4.60407357718288,3.91839234968182,8.09422677041116,6.34173183252335,9.7471651190052,7.81083585597608
10.0875835734445,9.01652094815365,3.85044426089028,3.15340041977164,4.4738942331744,3.6029706720282,8.47666434425703,6.45052129972405,10.4260849407498,7.44819954188931
9.19505166851559,8.669821500037,4.55119021471511,3.91579557182045,5.3538969036291,4.35957503689706,8.3083421892042,6.62276697392337,9.38560404977847,7.73743380412414
9.49195382984172,8.87549084740695,4.52020248772153,3.48630806507681,4.77324191677039,4.11285769798917,8.54488140800533,6.26001408281587,9.87422972076724,7.54874147600387
9.85336375816926,8.84098619932921,4.17043691708311,3.46826652617661,4.99779723351782,3.77176870277674,8.23119577489688,6.51927893119915,9.51284469551216,7.81791590541672
9.90335361226751,8.76643523530835,3.9998237228525,3.42744089233305,5.29806459661014,3.85991574721719,8.470833034685,6.5038786088869,9.90670735350543,7.5735840185341
10.0791419268142,9.23910421053028,3.23138638980583,3.08339050452371,4.20515113564947,3.64511390718851,8.81635938701215,6.28360389329386,10.5243651064482,8.08474010761084
9.23489019210792,9.29715115655539,4.52296425730154,3.25168605053564,5.25523437091291,4.44197245612671,8.26828322593421,6.35269597637256,9.38440794544135,7.75537406557042
9.98205866801664,9.0433616367055,4.41271910725597,3.44632800607314,4.98126216844904,3.85595266277613,8.09051054998517,6.49835675189871,9.52191390638374,7.62963744304096
11.0267966237368,9.56778555901488,2.40920603374591,2.33992918013588,3.07920131042393,2.8213115486513,9.19409286191921,5.89186355871419,10.9114292274984,8.60768412253445
9.33966695624313,8.90661017852031,4.44951882247682,3.60905772620232,5.84901400400359,3.93844181977329,8.17945805174719,6.50603768554772,9.73239522678692,7.47153023621473
10.0914424714026,9.29142867703587,4.4108389789963,2.21413107899326,4.92751577380308,3.62019977914348,8.38236999471566,6.30197220936249,9.93540167782507,8.20863115720381
9.95676325633975,8.76710888689208,4.43533594707228,3.4239797280344,5.46545287158928,4.28191788397343,8.29892900293071,6.54189112070568,9.57530728923976,7.33459837674995
9.7781053728265,8.57293805082613,4.45038575632747,3.62481844695234,5.32223400596622,4.11665285863936,8.15136015121633,6.52701917883658,9.60774291161061,7.59889155495779
9.58656364048457,9.21279475131141,4.48978582944561,3.21319256682683,5.1929120985088,3.5640933694224,8.41001300291077,6.35481322130909,9.53500060350536,7.88571210290115
9.60457248832095,8.86277202416248,4.08263557044528,3.42676640370308,5.24388987144357,4.13812735585499,8.25719385814439,6.62701087182298,9.84061662059276,7.75864218272244
10.4280349258956,8.9990916894856,4.36944983032442,3.09244934876979,4.89760918057761,4.08189186845753,7.87868363010445,6.65047158566376,9.31294529283311,7.81198313528089
9.44758374621034,8.93036601380381,5.16941335526818,3.88968258099557,4.88868192202372,4.37200596926323,8.31590654777083,6.3326464802283,9.38091373459971,7.46343757739972
9.8761730612427,8.82469937801877,4.09696029786253,3.60198890552244,4.88502055533169,4.35039959478712,7.76996918494829,6.50040981013862,9.7100692474994,7.6463525890519
9.56745636433864,8.92589379809103,4.4614868072397,3.51964053277178,5.19009277139956,4.60735385102399,8.00069502727821,6.4359353675388,9.49238073000317,7.77703504605395
9.64462679610432,8.70603015328563,4.40058242735807,3.83962133038517,4.95769766848862,4.14684559809182,8.26999238535978,6.4278954624249,9.7375833371279,7.45762880902988
11.0949018116627,9.64931614301305,3.27145961842446,2.51525323404285,3.53769183445474,2.92186932824308,8.97167313545042,5.82301546363298,10.5542523248756,7.76367288373874
9.58121425444348,8.99372661567391,4.37384703628464,3.771347766061,4.95466155470456,4.81760934366397,8.15004286283525,6.49989296311835,9.41740041834019,7.44728142804162
9.70471305055091,8.96301504489806,4.68511730370495,3.58237278532341,4.91548095555007,4.29178326896917,8.00066406846862,6.44655945204719,9.4256264046345,7.68309875312094
9.37533292777144,8.8343220999944,4.6335097286937,3.28821689312379,5.22783194208007,3.74747610176379,8.38252665963189,6.4357558720403,9.77499601859121,7.97922313752344
9.55630088175623,8.90577240046869,4.39246539030221,3.49001952820246,5.18192708459253,4.33444115444973,8.20828346452781,6.52469317446218,9.46020953170264,7.66713319404131
9.48981079077479,8.64047813047629,4.72139563459397,3.89604318251801,5.01255750078118,4.691563195173,7.99915166614571,6.64785397561259,9.27225135252032,7.93271725357835
9.64395506808084,8.73342698304525,4.66778848829484,3.71331428420558,5.2288600255526,4.21978865763651,8.08983349067761,6.63827282217535,9.00972253040426,7.87083908470667
9.86882017371759,8.9613857271483,4.74302343064309,3.38113197178276,5.10667853933539,4.27246512368442,8.1878535026821,6.4723742095283,9.14757696346485,7.41780220532244
9.48500807854022,8.99898104966084,4.66765511907845,3.43362802917739,5.41591622514642,4.04631075894619,8.1015198103792,6.61872471623825,8.97071465396264,7.99060870128355
9.58587117232078,8.80628822281286,4.60164552575212,3.79916925652812,5.14440879505276,4.71672343572027,7.9364742889637,6.62071513283981,9.12984578828553,7.85215714237571
10.2225129700079,8.96039289182321,4.59330860244429,2.83077178964553,5.22076681893536,3.35780243630768,8.37135057073673,6.4777235752578,9.70877539706067,7.95407273603417
9.92639686472463,8.86420352612978,4.55510524185618,3.55181979831602,5.34550769509799,4.17488413923108,8.13041035718695,6.54582032115415,9.21682916406617,7.51004157044425
9.67109813938048,8.82434248051049,4.12606887925386,3.75917785753275,5.17117914756692,4.48570545214324,8.24948620602644,6.55290320322806,9.53470960031994,7.37397305066209
9.77243582128458,8.77767383949908,4.52010926573168,3.83041552123661,4.82045449163591,4.15731617019465,8.11582771951198,6.52934525461415,9.38163731464173,7.65120380007339
9.65849640910312,8.89763227071541,4.24994291426358,3.29732037089149,5.10912331952086,4.49179013120122,8.12959402770486,6.50921638569559,9.6214630741002,7.74702609057605
9.47444861560033,8.76795586157643,4.72455394761518,3.63477755665126,5.48649933817504,4.35001894031917,8.01183547673676,6.56742189780157,9.36146448284319,7.49919260530209
11.4111462034089,9.36041454641299,2.85575349735736,2.07713105459716,3.80462667753857,2.47052364165195,9.11194080771349,5.85842445914817,10.972949961376,7.75882862841989
10.4300742332696,8.74369731076916,4.27310028813764,3.36816457014819,5.1839903430019,3.94286267185769,7.90674645782409,6.68371094735042,9.10253016547351,7.84754769983028
9.60334461978744,8.77319953282231,4.80638523564124,3.64043840063861,5.14255655142166,3.94758256170289,8.49408663236844,6.47135804604759,9.31378865395342,7.68384750374886
9.33893436619267,9.32123158372912,4.3496777749635,3.82526543671251,5.17071984145083,4.45182556471351,7.9256768085905,6.46207887276674,9.0937002903634,7.59321752014201
9.98307042281816,9.016187304367,4.4594283659536,2.99615949574798,5.42207940802781,4.15026793463577,8.20927875364137,6.63025274773714,9.16913304903401,7.75529730321067
9.40969989921331,8.73613304118371,4.9783607945194,3.47604029052859,5.60761505028492,4.60402600651649,8.10595315733463,6.43443041752083,9.2922869495833,7.64884462959368
9.59925110690754,9.02880317272392,4.74043313370685,3.80014030194114,4.91081265135928,4.40689824608632,8.1324323581046,6.38714853830804,9.06868481931703,7.68232335212489
9.95325283127012,8.87981854805158,4.5784259715233,3.51674839285765,4.85430362129521,3.76994951984842,8.07959002641153,6.52108724983691,9.21399489873463,7.90752433948159
9.37350026083197,8.70922223626368,4.78257578829627,4.10355333856927,4.97554949178538,4.54526242380655,8.25781528358791,6.38417636748185,9.27608789728307,7.58756380026392
9.68914898399789,9.08271690780126,4.12394330390374,3.28092790435845,5.05333432702333,3.54579000888432,8.34082307755103,6.52468983337001,9.93497055029337,7.90908589413172
9.50351176203431,9.00401296154945,4.45868160133405,2.96828133696758,5.44581131967624,4.27493022169024,8.15120320320976,6.76015426028466,9.324436371965,7.98559812429212
9.7520548464549,8.66951342899263,4.5337512963093,3.85286300883884,5.31785288348365,4.17584791512103,8.07098070836095,6.53144962614133,9.32388721135942,7.53421306210681
9.73980285403609,8.84363104324099,4.44954703882737,3.3306194007142,5.50073482228106,3.89688819661956,8.01874473641609,6.47003066424369,9.69623568484195,7.53627681380546
9.48736906250269,8.97784478043577,5.03271240975246,3.64071302958728,5.22419744588002,4.23311242896012,8.19747396630506,6.30303951530036,9.3811241788526,7.46262555076956
9.28925954409583,9.32237958411165,4.46213810223046,3.87998468208083,4.81333043546872,4.7501799401404,8.14282587304734,6.38867538032912,9.10399683790351,7.50691411754742
9.40647184349826,8.81813207109952,4.74047029061789,4.16672435317151,5.13189550376135,4.37136242084539,8.09303159987912,6.37872976018853,9.1703404852888,7.5535067999448
9.09923186292903,9.16709250762358,4.72734464804532,3.67540818544567,5.24512225615333,4.62805345180134,8.35373033243072,6.29019913116904,9.29161681935559,7.69757624633409
9.37940499753755,9.26009116630829,5.11554016712536,3.93603875630564,4.94741277111279,4.59799318393289,7.95339360171659,6.33458587967706,8.80886380594974,7.60497036241472
10.0539489823664,8.98301342899818,4.5361224278136,1.84269078645848,5.44409129073833,2.78004237623413,8.75817886382089,6.38562544024977,10.3860316966217,8.21716612123448
9.39414761686376,8.73924199464693,4.39583737353751,3.67881996411054,5.31789584758237,4.54018279870105,8.1928176866598,6.51441845662292,9.79355616324143,7.66124125360029
10.1685119155766,9.01056499716004,4.48569323714097,3.38935802164997,4.9524494244315,4.12454700864432,8.18945639456101,6.35753099506177,9.37267141912022,7.388243256485
9.58464911991329,8.96966229517964,4.61403782727998,3.36434655432464,5.35220623018296,4.41658865730134,8.1349899178264,6.55830205880014,9.47569565392179,7.70074728436628
9.36544523877181,8.65307301732889,4.27835129417215,3.56567899792894,5.0785120086085,4.26651078719043,8.397418778124,6.6306842500771,9.62525290223595,7.97617507781811
9.1810280615496,8.5803367328451,4.70959871994591,4.31621702110313,5.05017628834345,4.96928907688763,8.122821174725,6.59212883248737,8.96115844556537,7.62678479591877
9.48852413997586,8.87167867799953,4.87767764992272,3.32563854784097,5.14680569620281,4.28173659846889,8.32434602403434,6.53791138816398,9.49737756352029,7.7158894035792
9.34116566287353,9.35621870426179,4.60785667338146,3.78874916315599,5.27805895967627,4.33489876786363,8.07596374271404,6.30840877957779,9.10080697988048,7.34005562763596
9.88111472140475,8.47131871994612,4.2437568860885,3.5190077918942,4.69852686083524,4.37036727019907,7.96257929235167,6.53699705797142,9.75889915646993,7.91647320734469
9.69367847801655,9.33156835459395,4.49393863915981,3.46722136052901,5.14463919250021,3.91024286659528,8.29597265066774,6.40349160824481,9.03448200069971,7.51148441027353
9.50537692252907,8.43548038492661,4.72050343658315,3.05730437406244,5.58997517827408,3.10339084286398,8.55382304184366,6.59599032367837,9.78504758961709,8.06852167516259
9.88225875792013,8.76863991910678,4.62525187766434,3.67172045087136,5.06198344964559,4.1761291546596,8.06528485644248,6.62802403805173,9.32857339263301,7.68562812142822
9.77866626714281,8.80283260599532,4.50750828028385,3.28440987445022,4.75034240438477,4.3502096777169,8.49404203916464,6.38539593237051,10.1061872439912,7.61630216678125
9.88534756953377,8.75497251328937,4.44392886497358,3.38161984820674,5.28498434016957,3.68851622024317,8.40931366475413,6.45897629163899,9.67146057549842,7.55874972880294
10.0283925264978,8.46007932339171,4.43333398851504,3.42169263060986,5.03322044706603,3.53266092118735,8.45675319614726,6.7209036494048,9.34148827121726,7.76166200084682
10.0736543930768,8.87359234141697,4.00474072756501,3.47038780125918,4.77540060192436,4.10353587283647,8.23543920045998,6.47186552098345,9.53589795461355,7.80557979280423
10.1310982266455,8.70905703126606,4.2572649766852,3.520405364386,5.0042759161859,3.65079895958911,8.37049775872929,6.48946584729605,9.81368181469417,7.42749768491898
10.0958166044117,8.69525444171485,4.36610865239443,3.52716745208056,5.01997216094183,4.24821763640459,8.09826873783784,6.41076572176717,9.64417233693172,7.67070545572793
10.0204717617778,9.37371261778388,4.198072992244,3.37223686928785,4.4727327356205,4.51503278901288,8.54619026744826,6.20513729751356,9.54368052690497,7.33636308261738
9.86804080054513,8.99967894746688,4.6639222738471,3.21998824606169,5.49853649812874,4.16638449870486,7.97430117232816,6.36001331699683,9.38315492486239,7.6187806477898
9.32304926194075,8.88471533938838,4.82309563487958,4.04314271874224,5.36870978091752,4.16924006699026,8.12631056327157,6.56867212676818,9.14092982015177,7.60948568750223
9.652124811451,8.85111634908807,4.7411518763093,3.43528751746833,4.97580593499881,4.03824511653745,8.29710504295587,6.29526230536915,9.37015190464601,7.70379679801935
9.2946476850441,8.90464349627384,4.88716570701371,3.85184693974889,5.37474822258774,4.49676084877456,8.12246284867726,6.49781214316565,9.07572452924491,7.58319093047965
10.0231455487525,8.80077276938184,4.49263672648837,3.42944137404657,4.93693869520918,3.92098885626288,8.22160333781538,6.45757056916718,9.58232364623908,7.78064642230319
9.60479321007775,9.05734523578501,4.2340121284394,3.42286984864447,5.06737274321798,4.61719994522034,8.24662546138129,6.3943636139246,9.5628289090031,7.43619970921463
10.0963186346501,9.04515067339354,4.4982184202954,3.17040749913195,4.53619314153824,3.71615335508462,8.44497614217157,6.28438110283993,9.7380729154601,7.62070022909066
9.88972213899401,8.45629633856559,4.5616705408004,3.80160507137822,5.18649961535027,3.90873531535214,8.37288048258137,6.45312582118761,9.39324284866366,7.77237364304709
9.89637065383429,9.34531276591158,4.28705820496139,2.95858503121415,5.13520777541137,3.942020201044,7.90292132055058,6.43912324645963,9.47882690507388,7.96811114640451
9.99848304090043,8.82019938248369,4.72373478363892,3.66613967250903,4.99763093894547,3.65096713670349,8.29311541004914,6.48133078006063,9.27467812593181,7.74570482717503
9.67484819476038,8.69824936146342,4.54081295391962,3.4804579495676,5.47725935008018,4.30928868970168,8.13109311791861,6.62707245512945,9.39076493712103,7.66014444049493
9.43956642683293,8.5509486455448,4.64068957217173,4.10922757765237,5.09186141007019,4.77105913730111,8.07192972685393,6.60022469567705,9.13171933367834,7.61169647552267
9.58920331221326,8.76396197956845,4.80741435160153,3.51280506271578,5.21977985656689,4.10587118267483,8.04770729614225,6.58153974958143,9.31396371868485,7.89024514438334
9.61455619758411,8.69127818800094,4.15032807705749,4.16434496731864,5.11073998354232,4.0691340653446,8.15108852503027,6.68143120461066,9.2047325346869,7.76260479972546
9.71562261303395,9.03095245826972,4.12523026620594,3.38309582415918,5.30200580822544,4.33869813261903,8.15448662933204,6.36381161669799,9.50903612959129,7.65634484416105
10.2491156611065,8.822933808168,3.76791394370336,3.60395854642374,4.92905700396885,3.78803085029688,8.10256289069,6.29853889463399,10.0644979415042,7.71354117280542
9.74605599742059,8.68429741349564,4.55257920762777,3.39981680854074,4.77714203146245,4.07221785898049,8.14199740271066,6.70415539458961,9.77348227267042,7.8341097551294
9.11269994815869,8.81128549815799,4.74330068886305,3.72750080174927,5.60024604239678,4.84136901109368,7.82887712965383,6.7740020137545,8.92571865506724,7.79750765985275
9.48142730050197,8.80926169391203,4.64867968916795,3.97528501703707,5.28399054273369,4.39371985165353,8.03596846366944,6.62919692816137,8.86774871216763,7.63261252249917
9.95524457242429,8.96942413467953,4.573454043652,3.06391740525029,5.1673790364268,3.69069124413324,8.38670286346053,6.5424808962962,9.28371252525979,7.85312377099289
9.5899042545393,8.91378674780722,4.84477569439421,3.657972725273,5.24598491054867,4.03787696095177,8.3318461996451,6.38445097446425,9.38249940924791,7.67025522874931
9.39998012831953,8.85515473018855,3.64930300191983,3.54798698865696,5.34570158407227,4.8743886319644,8.10223597135104,6.60897618759528,9.47582960915724,7.94212269069716
10.5507869633468,9.41832982436489,4.54301993391715,3.01430881173046,4.76026381147996,3.90607077245399,8.20642423781515,6.18400905833997,9.40838684582488,7.39902732441701
8.91481925240175,8.74489728693173,4.77112041321967,4.4628869582353,5.34232157799307,4.91676861188609,7.97129876598508,6.59581682747801,9.10415880107178,7.67928278445976
9.28683182259014,8.43353192703459,4.37629657400983,3.79482234715946,5.69929347460583,4.40985616720273,8.08689631223798,6.76047288689779,9.44917073569086,7.59624637685526
10.2270547691206,8.97134666106598,3.85256860264366,3.58321433718335,4.91080005434581,4.39715357009525,8.1009017118065,6.25652439011622,9.72750237346985,7.62043302905987
9.78874685117103,8.6865497457159,4.22697046370024,3.37312088157179,5.03053768253588,4.27502298380274,8.3728798161543,6.53612961711941,9.90777638673906,7.54526853226958
10.3647336014371,9.03119303202578,3.78686794507546,3.14565707166217,4.51128201285382,3.68862591386071,8.53765285785233,6.27672147657034,10.2896752941149,7.63549308906031
8.92633645407322,8.71684837651581,4.9354653848804,4.182801427264,5.45206129527824,4.75101017464163,8.06322327645739,6.54474103256853,9.19967166092553,7.67852461616517
9.73881779190802,8.63262696533338,4.7524170585509,3.25784064662479,5.31409709878935,4.57863305260666,8.10014115484921,6.78507054963127,9.24307040503369,7.6732353579462
9.8984565340819,9.09197233493806,4.48772121076093,3.26602294216681,4.99004070967688,3.71169039280866,8.31468221082554,6.38404318031308,9.68811890971121,7.63970509279646
9.64130934378442,8.91726066229029,4.69267093881941,3.60656932192956,5.53475420262526,4.45272358028856,8.01838338512422,6.49019165496724,9.06809988791142,7.64883837608377
9.78480469185198,8.84278894693574,3.7233206393221,3.69466451284956,4.6174588496124,4.1187786523087,8.3464908702717,6.35129260523055,9.95553957214091,7.45788767177957
9.59975275517334,8.71067644582704,4.75445849979104,3.55406057435398,5.54181414437218,3.48080464318673,8.3539385701308,6.69986733058518,9.41102499245272,7.80926813211741
9.94462530389414,8.74011661524283,4.58692678233719,3.33419450866367,5.0042460034426,4.077551267434,8.40828314044838,6.47218276073417,9.5220094863706,7.65859071069732
9.1853414975542,8.80507778450054,5.12570483900952,3.79864963829537,5.46339631634186,4.21476117705765,8.01738020139938,6.76529427674647,9.23968472815418,7.66719667373554
9.80446042514146,8.22085013172866,3.99547998710944,3.70603275468799,4.90559781682958,3.83413065526564,8.34612495323079,6.49765495607757,10.0036322584283,7.77585821422127
9.91230904812416,8.95754467206979,4.38778290429705,3.47238117665425,5.31020897377197,3.68536891197522,8.42313138562737,6.4515199961969,9.48819246075074,7.54397423660528
10.1395703659093,9.18069145936823,4.5529051324564,3.29468389993492,5.13917624572392,4.31831108751007,7.92462281433493,6.52501997222136,9.01961103847956,7.5262592269838
10.2589820241865,8.76691466648816,4.23884994912209,3.36975271665249,4.86183967191436,3.89338151039192,8.30559785616289,6.3931621419435,9.50022449982776,7.44894845949521
9.3625120228144,8.7994027237717,4.79956012327019,4.0395182253942,5.03270795401789,4.32915441023476,8.27982167853786,6.50757929990953,9.38289036927022,7.56103480324815
9.57783382485428,8.49537906085225,4.64369437441885,3.69967839215343,5.05640427195662,4.1582797180328,8.30912668848937,6.54421491215576,9.45243612167828,7.73663983218071
9.25222202742527,8.40495194856349,5.01894945666472,3.95680415412023,5.46358791739921,4.18145937846632,8.19056352538619,6.75268658549587,8.97556588842436,7.98213864731665
9.66022036494781,8.80891466205981,4.83670303303846,3.40390870359452,5.24595019015973,4.1027945992137,8.15805008042672,6.47003652216141,9.29842624135416,7.75879860322609
9.64166735996954,8.87057582986793,5.05614703630228,3.48977382611296,4.81717093424696,4.22500316920378,8.41582670943989,6.25084848526174,9.07902303655902,7.77420033235824
9.35304576441875,8.77035826932155,4.5282475132214,3.67796763671886,5.47172240215355,4.32323976864607,8.04099545277379,6.67540524461683,9.25271393610781,7.73134179273248
9.71490764281976,8.74864110735634,4.48355158526754,3.87506495804117,5.12130037483097,4.26763782529768,8.05038002357638,6.67340401412015,9.07313180149292,7.77800566601188
9.00336807189237,9.29032582976139,4.73539372747323,3.8751904343462,4.85124043331471,4.58749448103216,8.36429261782567,6.23903268962545,9.28171678715917,7.76769950587041
9.51043725874546,8.72707598661147,4.38782040353979,4.17956294867721,5.28676442076706,4.37616756268793,8.08999215012082,6.45245483175494,9.21474850152092,7.53020651015538
10.5279362087508,9.23932473177558,4.08358147417524,2.25208687927567,4.80926055438278,3.55850532071345,8.2288578415693,6.28637236704501,9.91092845726042,7.99044554512542
9.55868891017768,8.98648628568052,4.59308758921495,4.02918602454147,4.97538713188569,4.35820715637413,8.1043709255491,6.46685801185351,9.2104225958408,7.61550244919686
9.77527374773394,8.2927236638924,4.46671438699123,3.48912195787363,5.42987308961292,3.64055980548847,8.4257461121033,6.75081877514476,9.4408249191697,8.07032066603199
9.36220334043372,8.72820989579058,4.70207085913177,4.10557565413172,5.56840788220519,4.88620675008122,7.85376499907021,6.63786338776613,8.92496109268776,7.52297609264421
10.0579965126442,8.85050561783928,4.28745670607219,2.68076949792833,5.48895579238,3.94098725455436,8.20955661089037,6.49271125795805,9.89719454582031,7.77612939174443
9.3140814290965,8.97582323240972,5.06930107348576,3.91598749834831,5.01156202743343,4.62041832800102,8.08302635143138,6.59418429298982,8.84768390360397,7.73083536295822
10.3747938974547,8.59107441601709,4.10662734640109,3.04407384210982,4.84080182883339,3.22029434725254,8.87485815549337,6.47110331966824,10.0879742177832,7.70183272831629
9.76517373511165,8.70733512629148,4.18084911034078,2.8323079942211,5.57575442830807,2.88052962879677,8.48230889333445,6.8264654083367,10.0383041410425,8.17531623651386
9.6118188132107,8.9186775934194,4.31508317472967,3.57719178914084,5.3088175592013,4.14312365673143,8.2579405092435,6.46369325208354,9.48848886650945,7.47773625266531
10.3716876275221,8.95692665924335,3.01868635541846,3.27316681819811,4.48933635397649,4.07436686503335,8.30627253278942,6.35015015914682,10.2613180105219,7.76937426709462
10.0248038199329,9.01149865848692,3.81391327657271,3.85706457953291,4.74610658697113,3.95019417253783,8.03520771095945,6.47086560835361,9.35870686658002,7.94019838837032
10.0280991470666,9.07878469378755,4.12088797349133,3.78124704444675,4.62285737207671,4.39260165590145,7.89869019536525,6.38132100289283,9.25954536011169,7.6819732528978
10.1046931352725,9.126447807595,4.45096438128882,3.10903785973353,4.9586551679969,3.85028444717843,8.35115279817992,6.46044406183599,9.56753406671768,7.43714587117461
9.91911201802782,8.61307706154975,4.57000866630009,3.5549491064972,5.38100784343804,3.95075362218911,8.29519829207889,6.58284295075424,9.2537366290304,7.39875708851492
10.0393463656164,8.99721312897388,3.938323853406,3.20743447792878,4.61917857621342,4.07944910201807,8.22636291519208,6.50260468905708,9.79835690935109,7.91752188592843
8.88690587330863,8.88111511500538,5.31804795212482,4.16205730619171,5.31354362778703,4.91057098940177,8.08886497346077,6.55145607613134,8.70405854339617,7.58803346117322
10.3873035969271,8.66472522800326,3.75665667840904,3.48199076723052,4.90492243827596,3.97627153571975,8.33173319493937,6.51761959599145,9.55827934007572,7.79566204686473
9.30636066650161,8.97746778704025,4.82824376296685,3.64383970655115,5.34710771079031,4.62085068169217,8.18079061574264,6.46821262107157,8.95375764992063,7.79099344347003
10.0136691937342,9.33494447274717,4.32223124963233,3.12611209487947,5.23296136484524,3.68360906403642,8.22023198234785,6.4055025715273,9.53332675183071,7.62592437639911
10.2776191385702,8.84961852846927,4.52406992847796,3.52261178411033,4.76242459469314,4.50902975535961,7.83500290712128,6.60253760713278,9.15725285616893,7.67368538986581
9.85085960608687,9.05308127594827,4.30562861982116,3.74965239519139,4.67962380796169,4.14534331855337,8.32088797497288,6.37952425219861,9.65059994410427,7.52096675174715
10.3037984718505,8.70631500912825,4.17765428017752,3.71988936983564,4.49265213664675,4.52318121206748,8.05211188875699,6.41882670228561,9.492435815992,7.59376445056049
9.20597706419063,9.17186028687342,4.55172596767953,3.98614131946719,5.0110406233196,4.84875141983894,8.01735199632112,6.42546069455367,9.08866780238574,7.52459055286567
10.2715437820488,8.97968670491089,4.76337340761305,3.4449531234879,4.80822419113524,4.39579253480404,8.22707122411744,6.34544412137882,9.23225672938967,7.4635777582991
9.31841585426571,8.6139295998533,4.86077700391772,4.16935001878608,5.03255771974016,4.67792646375177,8.18180581181591,6.69568278235933,8.85356852879155,7.69885306261019
9.32404511577276,8.7756728455087,4.92965886274113,3.48835968562316,5.25737440242319,3.9399968984705,8.29967387335566,6.60195901648959,9.62817574217653,7.8889735932974
9.69017342277602,9.10937428213114,4.20781963187267,3.33231285334813,5.00641403268974,4.07741675618577,8.11745046754939,6.53917933300932,9.32039518794672,7.87840298194562
9.11252573759942,8.89070826778868,4.92117912951756,3.90418851429499,5.34747770450442,4.61676722056232,8.02030426006792,6.53329056075376,9.27230782631047,7.63180711184557
9.44389037351196,9.25138330216998,4.49806479312364,3.3834286709635,5.18713930279576,4.33640406862331,7.98795897439991,6.47987316445348,9.22476129436955,7.87800057957991
10.0633255144843,8.68345371799795,4.24505146912566,3.8738837143338,4.93258896347435,4.53832314846261,7.76481278645784,6.66241197754501,8.96786224413797,7.75535666443456
9.6503282734799,8.93420876861636,4.33032860038382,3.8006635517264,5.10047378163957,4.30249926660425,7.93309764518861,6.55922832594105,9.36370690662265,7.79976368075759
9.56176052948872,9.00339147702991,4.67409727861652,3.78269111851461,5.14490615623762,4.1530779988672,8.12270829203592,6.36530911249649,9.42788412006912,7.45168314094393
9.78290305345651,8.64889852528475,3.95011487006816,3.34181107380933,5.01992875119699,3.38734868352526,8.59435341895662,6.51850873351689,10.093001070242,7.70564227895078
9.64093296591041,9.1433674257387,4.66743345395379,3.13039563910269,4.90883652519917,4.10433769770025,8.28374102228369,6.4171153363929,9.5581084540825,7.83375601903208
9.99358361813595,8.55730130650246,4.92980720583512,3.08690738207223,5.17119831020742,3.65498214586095,8.42936679017322,6.42676770445614,9.83645827263442,7.70429339502634
10.1850204336973,8.76351518458378,4.16306442888167,3.15452926317918,4.98962990167545,4.08774555174286,8.17274988607764,6.49776073848001,9.85306931331547,7.59517190992245
9.62824788255696,8.73960271211057,4.42063138265805,3.48266827484259,5.63052045926999,4.33103154969038,8.05534455369425,6.63089894248841,9.12908318116048,7.7084104264704
10.0038044729846,9.38182800743333,4.8285174948365,3.54593269712172,4.49619463757414,4.08818472709476,7.91200682419909,6.33510195547712,9.28153197580187,7.51482255397695
10.2570192067476,8.98171817791875,4.61974492080299,3.34252859556304,4.85404651300573,3.89800574701261,8.19256376519986,6.45277202602132,9.44892337126993,7.63033929329747
9.25220025419306,8.96844486497469,4.61910996505404,3.55542974773275,5.17719688044095,4.37863141832352,8.2180360648131,6.44179261879337,9.52874543730528,7.83679019352239
10.145195255757,9.26827024259677,4.19438965681304,2.84800550492814,5.17052295980333,3.98333934663158,8.25839568606315,6.47417380991006,9.43784785583757,7.86425397617317
9.70144974933895,8.98276213009865,4.4185325444361,3.59734332604894,4.9336070542595,3.57194628720723,8.22005062605248,6.35110863426052,9.6434342279498,7.82692303990451
9.29910311655036,9.15933571453811,4.68536127013759,3.83576076045097,4.99299929057764,4.50728657950282,8.0060973269756,6.53233528409947,8.69505115579331,7.86767056974995
9.94614665503154,8.84816798736485,4.44447015184178,3.85158471017136,4.63250217272875,4.44480152036904,8.07977976852027,6.52099823805693,9.34585035882616,7.66345358712101
10.1836508870745,9.09461261694549,4.19184521064263,3.48033356579152,4.72634519265087,3.42939164258913,8.31004769874516,6.38692656449216,9.58633068165418,7.70848371249398
9.52748084531853,8.84217185612688,4.56584000049401,3.84024636866946,5.12641317241838,4.49270017437025,7.97413497103878,6.50187665842885,9.20503183197667,7.7433914826829
9.36625083287312,9.21427675315921,4.76134619364594,3.28231922428014,5.46671456100008,4.35871825202605,8.08898756823461,6.49764166652337,9.14702757661344,7.89896159615504
9.17647071197897,9.05479005849453,4.29784078078446,3.8816754662487,5.1387064288278,4.26241550904472,7.93706196573635,6.59744338856925,9.59837526850726,7.71590010205295
9.77838751752972,9.17448173138162,4.46017167049864,3.44440981284993,5.16527097098122,4.13262710886355,8.23693415592733,6.59236765312821,9.20597063617661,7.46622982214954
9.52146262530992,8.92587279703013,4.73368449681232,3.38594518914488,4.99469222712021,4.32261561786707,8.21998521232177,6.36450258192233,9.95257787252451,7.70020868585561
9.50307425487016,9.12580586402851,4.79812628068112,3.49258093690438,5.26232049612663,4.46693467901308,8.051752743733,6.47750113680375,9.16366581322108,7.73982012225
9.83291568644488,8.585889444289,4.40681443776291,3.89806816835466,4.55821123404948,4.19359323892362,8.17186001180332,6.51167241146929,9.66977168193979,7.71920224116067
10.8368378612462,9.19468910206934,3.28921734833473,2.5402617499937,4.44050177695179,2.80570035547521,8.78038066348727,6.18015213390198,10.5463382263383,8.11043502651429
10.2549492556398,9.3916132596822,4.69258680681688,2.58445819857396,4.95317581023628,4.05903894412799,8.13895196494858,6.20460599855274,9.15817983888059,7.98214653398466
9.32054769887043,9.26662787489166,4.2908565148633,3.26952860935811,5.2868467668768,4.86073240422147,7.86869909583008,6.48277733608497,9.45307224728065,7.80707043421457
9.3925132941756,9.15298054561644,4.64651455037221,3.34231250461768,4.71719093235251,3.72567899877449,8.33821032035249,6.53012816085083,9.60182334787848,7.89574190165199
9.70037330121607,8.80244095854864,4.50080846839152,3.42862573257345,5.00997232684061,4.17402727346953,8.28982583778049,6.36394957377977,9.51844971756961,7.84070741297107
10.1564886634405,8.86635062428748,3.71703396399182,3.06955987606622,5.25051349177601,3.27414589540564,8.43507268164141,6.41371230245534,9.87410258472192,7.96113070389161
10.1017478599485,8.97760244756294,4.28219121837085,3.30259593261585,4.69514944433174,4.32864891418245,8.09499467251102,6.35743247755538,9.76043269301854,7.55322636450697
10.039718274577,8.54797658554811,4.18835936370342,3.93691058302572,4.63188864514949,4.06352356429412,8.1370165460124,6.59431657512792,9.58578820530835,7.75523905472651
9.4439885397337,8.97343016027075,4.43889985679024,3.68438806463358,5.36896209369072,4.44472708733069,7.77285894341707,6.6525761538804,9.14863333361377,7.93077111313062
9.32055776145302,8.92789425998841,4.65610271320124,3.55769659281631,5.5194082542177,4.39834546900254,7.9626561579366,6.50507665395303,9.46336811152947,7.5776499450306
9.32298851955446,8.96563686477509,4.78835964296271,3.89243402482976,5.08801325455446,4.48315866173148,8.06470820885039,6.47648830519295,8.86554235809415,7.96210006644025
10.1194342292323,9.18591115111648,4.17339819303051,2.7616538859778,4.82746102687748,3.25285748247427,8.67173638292133,6.42831691697773,10.0233059213141,7.98523170346385
9.68835270531222,8.66492407897929,3.85293647845843,3.90565465279621,5.51398408687133,4.44088318875011,8.07253296322909,6.57946079668755,9.26596789990975,7.70317860811304
8.83943315637675,9.27202168417336,5.11378391944447,3.88559618748579,5.61040887770984,4.93536009694954,7.91098420728002,6.47995982416307,8.57886724398108,7.80483889475893
9.44779682166345,9.08433247275572,4.79411818159163,3.58351572835201,4.9948876020042,4.65152702395913,8.06321707103063,6.31943880696399,9.34942672383499,7.68989699842917
9.31637729622022,8.62663644292228,4.60015181317294,3.68178806199424,5.42217397509566,4.23789368352886,8.08995081172526,6.50555846308243,9.66317063858036,7.81140115354736
10.093994052221,8.9929717463541,4.91806401019404,3.05027257761865,5.0133382415158,4.02169564649333,8.4635849978821,6.351118148029,9.33739852264048,7.53218314648273
10.0830765606994,8.86269839560852,4.21379048656977,2.91956999651616,4.9803610479459,4.03395755600519,7.92858221419841,6.57505415350638,9.64940214922257,8.00459389332228
9.23456331936886,8.97970181738763,4.95607692721249,3.44871051975691,5.72423937583716,4.45893614482839,8.08344551419064,6.60831565100432,9.29789161586838,7.55311342619797
9.6786477131322,8.8042763502024,4.31261012206803,3.64914286070624,5.1403821974679,4.00824968829865,8.27290595739519,6.54866509281865,9.67793758290319,7.78478254229516
10.3518876010125,8.76076337523973,4.25255806241287,3.30041643431316,4.86774074826392,3.71578450192049,8.1080040348917,6.63261800278213,9.20388736632999,7.96039750743604
9.74172378251201,9.05577656623599,4.74711512251738,3.41933417816431,5.49295406015659,3.84526037454378,8.17042759830249,6.51761758474846,9.32268060850362,7.65847176356073
9.85087551016344,8.89354772988002,4.13201814625471,3.82695442527576,5.07673942016969,4.14462905581836,8.14261995152566,6.54722301804788,9.52053809747484,7.43485610201979
9.53201616408698,9.3631711579337,4.17776766139908,3.84619251078814,4.77869640766051,4.612406955015,8.04443877539442,6.41132825750043,9.36786697502075,7.63207619782772
10.1555362175618,8.99484215716183,3.70930293569748,3.49422048971328,4.97638344928457,3.96050729684974,8.23120033724714,6.28025918057612,9.72433277968126,7.64607782415359
10.2206639898587,9.18191442948249,3.81522209489787,3.2221766066738,4.845954319589,4.33233262299786,7.77687787163538,6.32730648308904,9.70939613850886,7.9295899348182
10.1794568483507,9.17191717678297,4.31519743242671,3.09804681278924,4.90785363066507,3.73024877230697,8.25099291167989,6.3641838858539,9.75566958923378,7.57789447240865
10.0494071800773,8.89439637310875,3.97026995478577,3.61457627874997,4.5121572620358,4.08006181796,8.10551550507722,6.46945822938338,9.55163925964069,7.91183661824229
9.22907545767502,8.98099222268767,4.83448365385394,3.80340023701461,5.23923335253091,4.8521554883898,8.16787619683242,6.47182097413431,8.98951444419317,7.71853068646461
9.71996660179966,9.07626300666567,4.10811519038608,3.6213595129815,4.75549984567496,4.58785722887291,8.1226482318829,6.33574864518648,9.63161021847682,7.64186030471859
9.49609046810225,9.0721043090962,4.81405404333263,3.46317764040933,5.13375522533579,4.57225003834281,8.14345273738052,6.45511886075695,9.05720317748851,7.64507888827205
9.47175520478668,8.52692105088083,4.73975033437197,4.15181963714543,5.23694761934943,4.52916852609293,8.14599312593075,6.62543713517099,9.34173413038484,7.48378680635452
9.5132908084488,9.03936867750769,4.70171673274566,3.77746800684454,5.33216358085004,4.14795445319662,8.10078359397439,6.6341132632551,8.91601207753237,7.84839190343703
9.83198516120035,8.74915993981399,4.7990602451227,3.33170849907545,5.45343556172957,3.94313057474831,8.09154548385163,6.45059263663764,9.20664907665423,7.66728165285028
9.762107800799,9.29174185759368,4.64966090724933,2.45872459739456,5.19839258246963,4.31479808748457,8.2299948085943,6.51325276943434,9.35968384180523,7.96207311690837
10.2752615298444,9.15582101409217,3.9530535530265,3.06625249874395,4.95469209497051,4.05835372079891,8.21623090931877,6.4188432864262,9.81237256423515,7.42985004281308
9.20248934307397,9.05569770246331,4.49807596894569,3.92171377691648,5.38541312926939,4.65536095149136,7.83969581128175,6.63463009714149,9.08980029261277,7.79602475398156
10.0280106865964,9.22487279307555,4.11561921385537,2.97473783763031,5.09127595675521,3.39349974647183,8.11917310122848,6.33855271393022,10.0610391259004,7.76537273286822
9.85761271504424,8.93535867698021,4.22546317813545,4.1706211447825,4.57412226916427,3.8052852273585,8.5301524471969,6.21289017819246,9.65260934458192,7.38100108133405
9.83126995041445,8.77206904351266,4.45881859634384,3.4467832238747,4.88722345700059,4.21145992644105,8.35013250521647,6.51643124749918,9.50762652007798,7.59190749939496
9.36673403223477,8.59997223246751,4.87153036233884,3.74725694525194,5.17462165933905,4.62538919957676,8.32783682211681,6.39956134583626,9.45938144095963,7.81768854211324
9.9508920577607,9.09160023325456,4.34934163054429,3.47487685154886,4.5362124377969,4.33964419426154,8.14039790736029,6.27779512504997,9.53888870893327,7.74169841810885
10.0059716278276,9.41175279872089,4.42186658106686,2.88250129450578,5.01270278569048,3.79558536235832,8.17796847024186,6.34895751061131,9.43016049180117,7.70167334492016
10.0545239638433,9.17421212704066,4.16633425626359,2.95863564039674,5.23190166161065,4.29400360388498,8.06854415284908,6.44556924462604,9.52332857015569,7.69827596465785
9.42351129383779,9.03890319449488,4.0444381619873,3.70325018099822,5.22231258054403,4.67402885134392,8.2090149709359,6.51592432087031,9.61688225378832,7.49509363266625
9.42582674532436,8.33123980113705,4.32566374200517,4.20566560152563,5.19175345682557,4.40685752639464,8.08365312574043,6.65810038653952,9.2392312882755,7.62175099216139
10.2615616778063,9.19779388432196,3.86252421648932,2.18408899571199,5.20048631412078,3.16328476313531,8.51669619113095,6.5186534638964,10.3089534006369,7.9164139965531
9.56579468684486,8.63344758484642,4.30270214994751,3.69725823893086,5.20731606714338,3.43516663036688,8.25943645748692,6.44665088350237,9.59462004446229,8.1653941663737
9.50991663017677,8.58674503594941,4.64590909827787,3.85664706764381,5.16960435242057,4.41927151132511,7.96319787082392,6.6249995724582,9.32212094056889,7.87351575843125
9.12779037449028,8.88096039607403,5.05953363177109,3.84912480997941,5.50179994617334,4.56601612216969,8.06463956248534,6.49643050358191,9.00199124856775,7.69861908862011
9.01253861148754,9.02324798441392,4.83682868180658,3.63687402892496,5.41629128749014,4.84252363681297,8.13062206368026,6.49984056299813,9.29417316391623,7.68201061968806
9.9965842851588,8.98249690448166,4.59832659885188,3.44421518124014,5.0591375246117,3.30435241861906,8.63697743141363,6.24162094645567,9.53943970650469,7.55444281911545
9.85831918221016,8.66707984173296,4.11292098273195,3.8694047644432,4.6648636141301,4.06976449366613,8.17388578489731,6.63178776207011,9.77223229797691,7.75754965060255
9.45560038205462,8.49204920295323,4.46232684114585,4.01683504778603,5.48105261027322,4.00003928129555,8.22316339099264,6.71359825784927,9.36516597168593,7.73514158138805
9.56125712821298,8.85526635043287,4.82078644298752,3.56650478456412,4.55912429201236,4.77164856684408,8.22945694739778,6.53092279349351,9.50771373875489,7.83786489604259
9.58165110966462,9.25003312786791,4.51358579847746,3.30486457981071,4.7557893008664,3.99036875110132,8.55330776545077,6.29522863833887,9.61962347425247,7.77860784240137
10.2498888122224,9.30084498230244,4.57674758449114,3.20939526717266,4.78515823797117,3.97245092796211,7.74962535777219,6.42951132265279,9.2311000325185,7.60268952482518
9.80355721000029,8.79093689562456,4.43240809593005,3.42930204086002,4.80536279874174,4.17971504434509,8.37169158116142,6.38142669811773,9.56848036854461,7.76856450474359
9.97769013423207,8.84958849406361,4.56882589208689,3.47898361332529,5.33751669222163,4.39185335971351,8.00065150258594,6.55183235469962,9.26793796759321,7.73264561681163
9.0210875569029,9.14959912809774,5.02119674236804,3.60373101167672,5.38035096253302,4.6459017321435,8.12842357160352,6.52172978055426,9.02357844501192,7.78936436439078
9.83891103831784,8.77459379940926,4.68321179438933,3.33798555536708,5.21251442378433,4.11150811916379,8.19423009925982,6.66406971966082,9.1303707146838,7.94738972478327
10.3590619131328,9.42077791351766,4.50386248422029,2.7954289565178,4.19282788237679,3.73551609600164,8.64193682223524,6.20955939781166,9.9823058129014,7.49315477823248
10.5407579416644,9.07429499935877,4.00922783638223,2.9767637265613,4.91203622186382,3.61231258539224,8.36537090129577,6.4466550217106,9.76415149481399,7.76114014303875
10.1881762694207,8.94465873258917,4.20291127762437,3.48807758003212,4.59344594357294,3.78386797874372,8.64564359565036,6.35556031711536,9.49526664791069,7.55557298990031
9.70983276374605,8.81851203798265,4.43377872356427,3.42721893838287,5.34729658934496,3.95715725373723,8.02361302922429,6.56878771147809,9.56888191725064,7.65066868910002
10.1928430633444,8.90793752322263,4.34189169205255,3.34084146272745,5.02002765377996,3.38156893362659,8.62298897310035,6.34846821590124,9.6539302954154,7.52737848818178
9.67136319811606,8.63590277040761,4.42940865168891,3.74524625082716,5.1409576621128,4.19447698080776,8.16117069679342,6.64863170217517,9.26060836243828,7.76273162044123
9.45431549506842,8.37905534775953,4.4103798764805,4.05576035739064,5.39617023657696,4.03285867342463,8.21183158070245,6.62361711130503,9.63604723266596,7.77129899598185
10.2109530971758,9.10130934154971,3.843395574118,3.03597286462497,4.93544670744384,3.88226442213888,7.8083966417261,6.53890279775081,9.71696573317945,8.04471089453322
9.56259623370206,8.82589002788057,4.74713988728111,3.67796506632215,5.11776517881251,4.5031635344008,8.09190356917021,6.36213006230777,9.44219531003598,7.66785283960939
9.31939843987967,8.99862993735772,5.29638689811263,3.19478704039118,5.2522264528558,4.1917066599414,8.34473366980292,6.4015616902042,9.52059224316987,7.69640750850001
10.4510008745985,9.07458149985382,3.86869218417444,2.17824822067918,5.23610341249465,3.02854786401714,8.57093589892804,6.64742694263883,10.2156573756157,8.12894351317072
10.0402848714787,9.03867590159009,4.26790333906605,3.68297900387559,4.83316190113559,4.58685778775195,7.96735718372285,6.61789964655832,9.22773338411471,7.72731682671146
9.85710816110364,9.02382991156385,4.26712327376851,3.1304400058897,4.85566739218841,3.90501441615806,8.49989606504673,6.42600922275028,9.74396923903324,7.82702554413221
10.0025056235004,9.44951267579038,4.51469821774612,2.23968473602818,5.32316589601363,3.79612137287343,8.11521511700656,6.5214553149829,9.3352905351718,8.0000810153217
10.3699972517076,9.32075728947258,3.47876735813721,3.05851946850476,4.48965047454682,3.66697904991999,8.79719519842961,6.04875884662081,10.2109789153855,7.72928756283193
9.78588116220316,9.07624354812263,4.62904806994171,3.5534285520346,5.23942449461453,4.01225527742638,8.15538800285555,6.50742507765486,9.39000771053323,7.46196717458945
10.3010344497298,9.1023751677747,4.02964727377064,3.47176351629355,4.69761864949777,4.11119456024144,8.09871741435455,6.35631980985517,9.57469095026429,7.54828615811452
9.64982734775204,8.92210897711918,4.54820144939455,3.08592757467431,5.22639081163562,3.72951918870251,8.21377508927107,6.56420517626318,9.69641112863818,8.07565855640675
9.56003583397684,9.28412907628172,4.67459359604976,3.56352339576527,5.27623013396985,3.8984976281481,7.96379938305047,6.45013230067971,9.22708685646486,7.64814325673065
9.24673628631496,8.96399876990691,4.21297593945963,3.62676311474278,5.14967753300974,4.64727506230549,8.05793299782332,6.49125870382102,9.7619899108394,7.65190988156276
9.61568895279789,8.75711233108452,4.81974293315719,3.62344444280614,5.20659746976702,4.66049610663586,7.98408692142231,6.52541285589807,9.22921744520881,7.60190117972906
10.0569685816278,8.45031696363395,4.3564439785056,3.7666426447728,4.84731661787886,3.90728853809296,8.40799511198866,6.58085480027667,9.55444373120617,7.69695963911118
9.95296438798125,9.07333778029682,4.14838478546592,3.40180974379067,4.95976639607325,3.96463807517596,8.20208730179308,6.52262902266637,9.61363915053391,7.52648117081853
9.33967773545148,8.81484722371929,4.8711445261497,3.78418838992905,5.50906892581441,4.01940569410548,8.25757772929644,6.55421674940996,9.05163367654426,7.66234861117733
9.82880788213305,8.72952194938637,4.48994689362053,3.77348650629574,5.10215373716342,4.30982592334193,8.19473404556416,6.44740465381729,9.67151798156183,7.54686466800084
9.59779619593305,9.17055963426583,4.43719818349593,3.79742711873798,4.91086773408242,4.51987405860355,8.0444269185922,6.44783520017856,9.1088302370126,7.60183362804459
9.91861681647315,8.70280823561461,4.6029852173096,3.49811402752256,5.08447484495862,4.02917853716624,8.31671117918735,6.38872736509112,9.67982349833981,7.48993937460733
9.82083443718411,8.94833648472193,4.58733572597146,3.27068852839696,5.17703165352342,3.91887832799488,8.17176642333339,6.56274249720607,9.6875373961365,7.56944668851405
9.59264936191364,8.73504991319683,4.27287286519925,3.36896276217733,5.43682784214874,4.22162117779346,8.19763699898535,6.75012064029464,9.52600130399905,7.86636460780826
9.869264162219,9.15975638379386,4.74683536770586,2.9768611091777,4.98474890323108,4.19639021302089,8.26979018760186,6.33836790510584,9.27619363630705,7.79810639568964
9.62686918367868,8.7211847386637,4.11951659340052,3.87864509486613,5.10229519514822,4.43218324853856,7.72101164245141,6.60055853488449,9.34936982626063,8.09205488453124
9.0009478363336,9.1626583263379,4.84350565358925,3.78698983757417,5.38171959057052,4.89056692472345,8.02712030273492,6.38826618581778,9.18935767809981,7.61009035037768
9.84174843456725,8.42262573860746,4.58060926432198,3.47119719995279,5.29909032750303,3.79002312448275,8.31864437864374,6.51059817614165,9.64922936752175,7.56057037229683
10.5894966882958,9.22051456514771,3.52904549358446,2.40872741452307,5.27169729586099,2.99074966091421,8.36227471889176,6.62386064866014,9.85061524810015,8.12631231101789
9.20452771185959,8.95487639188619,4.77692906131086,3.77020826552361,5.18574904273697,4.55082726984618,8.10618217517918,6.37746668548893,9.26301786492645,7.78540842624679
9.53373625867492,8.63175908880403,4.45223178221263,3.78717170047446,4.99967686051434,4.27864804034072,8.16256132854881,6.59034707640433,9.59021964653125,7.69289776862721
9.68676028485323,8.70424218488045,4.70678891945477,3.61155042985181,5.02797064889337,4.13666792172655,8.42429961476117,6.48472213532246,9.46455374433483,7.52296927421605
9.46868378638113,9.41922342353538,4.97130221502719,3.36125081204424,5.16731363136511,4.2453135249517,7.98015884243925,6.32193879471151,9.14855574399381,7.82217746121518
9.37584046399733,9.12296220756614,4.64676624133116,3.93654320553286,4.96216257181559,4.60282883861027,8.02888052740033,6.4616140613524,9.00435904214653,7.84771690787288
10.4794051421118,9.32481138409404,3.5568115819839,2.65986975097244,4.59993762850097,3.1612165884816,8.71492876975978,6.20319260976684,10.0163053101569,7.93665946592792
10.0071733550705,9.11722618505434,4.52441512615355,3.34187507204881,5.01298788908985,3.49490254386909,8.36402601373735,6.20773023131611,9.6142294603733,7.6641404233796
9.74850077714957,8.69620671923077,4.4917022330824,3.62648955596916,4.95433064135284,4.10510960768394,8.22690076778104,6.42698883756816,9.56779073821695,7.83825712606435
9.63158853685073,8.52869273195187,4.45805321610058,3.54706437175502,5.28342639330665,4.08288217057936,8.10722564164471,6.6033932509079,9.44795003703146,7.91572260666713
9.85569925746958,9.2460257389687,4.38178091586844,2.73229501662172,5.25238261490453,3.21292281227772,8.68883580068042,6.30859531008374,9.63929829564504,8.08288698326758
9.63054276629396,8.64728989512615,4.50494825891976,3.43181341895325,5.27070662106503,3.94000032687344,8.35009769514069,6.5949436413572,9.79229746685729,7.69065483978058
9.86174953165242,8.76979252310417,4.31702337412844,3.44578352427381,5.14940660495915,3.90706607836918,8.18890207372143,6.52129453181009,9.43612204698334,7.5872094788515
9.73728488415083,8.80975131278983,4.63848408539985,3.64765903102857,4.86699999177312,3.90346834892445,8.42952637370968,6.40878707831146,9.4990748758181,7.68447909643773
8.88371438619885,8.50883134699474,4.76319502904982,3.85894188555501,5.39314988592547,4.44559864748825,8.22461610230627,6.52925563514019,9.70226145876707,7.77534813308369
9.97935431475916,8.767089787786,4.5425310093977,3.2958417025304,4.85925758204477,3.80804839320709,8.59360708040868,6.43086839720428,9.77324158274971,7.53659747759131
9.96753565236475,8.88193804202279,4.47909062528734,3.32847571097473,5.42616352902569,3.90016040175904,8.17200759692061,6.46640029354408,9.29642210181023,7.74374865753477
9.67447540869055,8.66437483575002,4.16327718670199,4.03698804658871,5.06056914562957,4.25642480555037,8.31977160586328,6.42039131009516,9.5621368952881,7.46085935548315
9.50275994917405,8.14574976073032,4.57230220856477,4.26156254730904,5.31686593335418,4.40274183698133,8.25351247622004,6.59860479033245,9.02966527975879,7.65010564112483
10.1841885577063,9.17193284393631,4.25163831398139,2.71187828292797,4.96620516726811,3.1089807006748,8.50363430133882,6.46068871404916,10.0761389313039,7.86554990578265
9.36306853308069,8.81176248479228,4.4245339794866,3.96635224796057,5.23469260624395,4.62621159091324,7.73757080122677,6.54868105030993,9.35744872157684,7.87656199202911
9.4234007386105,8.55960840529508,4.8683934164272,3.94402924200318,5.36715096679339,4.62095609262131,8.10919600097666,6.64924344066039,9.01735803876311,7.54252930354981
9.69211088799295,8.97050045017976,4.43050570693354,3.44201611953617,5.51116175533156,3.78665881004986,8.16818226349347,6.52980616087111,9.45923145189876,7.6400349849433
9.73862969913081,9.14567111151701,3.87235644934727,3.1042813805716,5.01971029855186,3.7257063256009,8.36930363147141,6.48867578262266,9.94690111137101,7.83367962754155
9.94612442803757,9.18844264915177,3.7186064791986,3.499304721405,4.75797302862386,4.49246816658068,8.22547806778893,6.49581540669389,9.47231437618385,7.65102470871135
10.0896828239505,8.87102667760354,4.67996730198373,3.37283042505334,4.7954998192709,4.55745397696535,8.04863227778173,6.40388463311389,9.11244328556357,7.69135014222075
10.5343815301253,9.23027237321703,3.83214370890366,2.86935854932406,4.9479903130705,4.12248273528634,7.9242897887037,6.55291586373942,9.5114567820908,7.94953085858037
9.90257182428781,8.88670242372813,4.42923456660363,3.62421225397046,4.88627692038214,3.69616623851578,8.29398254217987,6.52689985515047,9.38267548999842,7.79883485929456
9.56226650721625,9.1888218285232,4.7339288995555,3.71725089748907,5.22433795340489,4.22016080434348,8.05658238753189,6.39409251840366,9.15820081664159,7.50303687161094
10.3417191931455,8.98571514789991,4.36263258226082,3.26382112836762,4.71062773061756,4.31146042638912,8.45307590736775,6.21791980955283,9.77815535148882,7.43376237567303
9.18006666500291,8.99471670509262,4.62369002488825,3.96093685672889,4.96059230874504,4.41543949299177,8.2009269559198,6.51132562743395,9.19869902157219,7.77762853873826
9.68811396918871,8.93496598312116,4.57504401379931,3.277206446097,5.03014896413042,4.03744226590971,8.21414910106512,6.46036120156965,9.72924777857939,7.82072359295378
9.87404443454854,8.98527890789235,3.97030111222098,3.86533710327061,5.18765655911119,3.86512352875839,8.0036950244138,6.51511457717368,9.38269824106451,7.67649810317065
9.46944194712876,9.40698464794381,4.65621590210183,3.71452283561601,4.9235682614663,4.94432536484873,7.83711462951049,6.43114657387629,8.82970358917987,7.6443500682334
9.8044330662677,9.17359851760106,4.26501171893498,3.47973603235441,5.06538391041292,4.32942896245611,8.22992450009705,6.29188851770798,9.18670479488659,7.75567610845601
9.95138493023065,8.98618348309937,4.40704142765623,3.18512203912499,5.07170662609262,3.39429451637253,8.41614455297775,6.44361970380039,9.8332703957983,7.73809465828708
9.19113236947342,8.50304372316689,4.65949240961785,4.15555877267029,5.25120539616999,4.93887765329568,8.05895091900372,6.78409276108285,9.24056549348386,7.73295036212665
10.0754619801252,9.03349799886377,4.30522534696081,3.42503235013452,4.98143312567018,3.8867239853868,8.24423434112293,6.43548244424198,9.63926619465926,7.48766335923142
10.0379662695853,9.24553568406522,4.20709442824103,2.88349585262697,4.76711668002426,4.87362891799193,8.12369381729024,6.42727207816944,9.64399639113065,7.65550229384688
9.97041295204755,8.97904186857379,4.66685926755141,3.27786371511192,5.30104636433776,4.23007752519691,8.07429282101164,6.4293882380586,9.35969556058725,7.57532593998415
9.08536604725775,9.0709473104837,5.11541376428114,4.05401071163344,5.18095976693196,4.61777066730047,7.81640594819284,6.39791734434715,9.068272819898,7.71532918255398
10.1881306983546,8.87632744377084,3.98520252911666,3.67216537136638,4.62854489917001,4.16654055549079,7.99814721934438,6.35171755293123,9.89241538112839,7.67023659368884
10.5003980569261,8.96045438300787,3.82067582261802,3.39888518551071,4.30442313661887,4.06315523808929,8.79449544995546,6.05651413578335,9.93741662635773,7.34277456279353
9.7235792898775,9.38338643698673,4.54810386343508,2.80374646307564,5.16436079052736,4.34079311376249,7.91748749705529,6.49452953829063,9.18275956480249,7.95448037767229
9.36550925324498,9.00447837141818,4.9147856458861,3.92672425726937,5.380117233636,4.4529027386568,8.12959200165388,6.43437131047738,9.1948354194698,7.39135290672123
9.75254641511339,9.01405488910196,4.457510028335,3.70161411016496,4.56833439437673,4.27845782110967,8.29473978258689,6.27113099675491,9.6091832650719,7.57543057901396
9.39391804509237,9.07374931004539,4.72079869314016,3.8618636697661,4.91757601655195,4.48919684131393,7.96445357892157,6.50786620787643,9.34249706783705,7.74610408998512
9.53866804384597,8.89288151687855,4.70253227036143,3.75710661053801,4.589348665072,4.77063201504697,7.99824457992887,6.46793853309375,9.3549018809086,7.82674421091411
9.4470518620613,8.96725045951978,5.03786992200683,3.5472399030114,4.98125324427149,4.7326278879724,8.24466560566967,6.30782617640781,9.1699684316768,7.6543138954802
9.72631625589782,8.82797988465313,4.37266271656342,3.61985989212972,5.37420182314483,4.14455672887495,8.01452007284534,6.63310057701937,9.11836866992068,7.60598092233989
9.82673725007544,9.02008474130583,4.76191201382766,3.20040031337074,5.21505847743217,3.4269001329996,8.45599037737988,6.39556757912744,9.04711879958267,7.92545045546169
9.58933507499304,8.74459250164919,5.05973467627125,3.57249859717394,5.10119575789092,4.50806318250599,8.33572634812575,6.55705262079861,9.0674000829719,7.78584233785019
10.2628761353709,9.05495092732249,4.13361396064994,3.22332286428443,4.77185911858179,3.6697620433355,8.4277514062633,6.42126874614087,9.53655429259903,8.02143239083466
10.8405868748252,8.49156209811513,4.21865889734595,3.92630697980199,4.74258077789545,4.23137046551937,8.16370557994117,6.32856973345122,9.48155475208723,7.4650540097656
9.88562199400151,8.95924845773044,4.08233216935146,2.92698511359015,5.18342359682369,3.83514093294242,8.31645303979025,6.50815718740514,9.97247840806679,7.78513377591081
10.1319517066177,9.18868240821545,4.34397088334768,3.08581903553999,4.79469340295517,4.10209852328416,8.08805890136282,6.35729592766347,9.39417797131068,7.69399493203946
9.23288267102017,8.74414139167012,4.92949613646927,4.17502391683183,5.51464803906132,4.22237360342792,8.19311677261289,6.47749439514485,8.93302693929837,7.59876594692301
9.979443840572,8.96386096097749,4.30645729495735,3.66647374616252,4.6748550936078,3.81695314440339,8.34337633452906,6.32311192234597,9.73131840694397,7.55344194078274
9.38674780902101,8.97412976765705,4.54794739910564,3.61654681954119,5.16188792627523,4.66094037860545,8.24945067532049,6.426915612762,9.47027218170934,7.57822661944947
9.265824771993,8.89760537888118,4.98417414142583,3.84953635134071,5.16273127316456,4.38283186936298,8.19582681597986,6.51414914599605,9.08992644417296,7.54832898062633
9.27412411333675,8.98096173148101,5.07117717831119,3.85513148692146,5.1456144404758,4.64658167464204,8.13713910516846,6.39130741473502,9.05715282319694,7.73442657355336
10.0831642712601,8.84696856505339,4.49459876261328,2.84724498694266,5.13671724237788,3.64580253674224,8.27678016910295,6.42609818889526,9.46063897808995,7.98745777075217
10.0466742412953,9.14486258415447,3.78804916393137,3.40445711998968,5.04891109949073,4.4395698424086,7.92545607338597,6.46260421630541,9.53429551245541,7.6785245473829
9.85227402279315,8.88107474234508,3.5970525836464,3.5142675548405,4.8876430285408,5.01219592231892,8.24271174415573,6.56512938610812,10.043529614348,7.53416300633103
9.42572388616169,8.41111559406989,4.45115120275019,4.17877302345761,4.77019335642859,4.37441461895826,8.30852259383613,6.56475733375296,9.8737776301902,7.66551573676528
10.0270684582379,8.86250078850305,4.72660628076927,3.53555456661439,5.37600534734498,3.59615603883015,8.20489623968406,6.51661654711811,9.04874805040273,7.63838255077467
9.8483113830632,8.76839983106358,4.65190248895932,3.2143086902318,5.3291645890578,3.37624482595557,8.53061669613115,6.59977927858326,9.68344402299008,8.00072260717902
9.70842748580147,9.18045152401049,4.7745270051726,3.6247618647809,5.13072985735353,4.40265567809458,7.90815697407069,6.51750758961121,8.73891995648643,7.78464523423356
9.9857510012877,9.04392185751519,4.40036258487922,3.75592520684667,4.85826055837606,3.81735658397919,7.77751608907652,6.34670128833273,9.30104603303611,7.7890703541032
10.3991961456085,8.66095627956145,4.33677170120905,3.24834336557561,4.76476729569093,3.98292907230197,7.98578830761338,6.62088525831635,9.39964375367586,7.8168019851556
10.0169820831678,8.79596751628234,4.02233183890067,3.56126276852698,5.11184290438756,3.80461576766511,8.46674579588447,6.55558409731256,9.72129052104584,7.37502929456084
9.32300880940925,9.17392932816705,5.29730730977339,3.77713497057677,5.27592159952059,4.9568918237838,7.98888850153127,6.42862204258036,9.12802931801762,7.29404654462501
10.0202175032736,8.7599573171856,4.32333876409629,3.25941534762458,5.47697662793243,3.99383768743744,7.9780421891126,6.57913436553206,9.67042428913592,7.5784611092238
9.82886798801875,8.57602429010038,4.41883802920151,4.05015829688349,5.30073601529872,4.07774802506136,8.00247900821226,6.61058564154033,9.20636503499575,7.4749112215112
9.28525145312503,8.72197857170582,4.69660652832179,3.71971792399768,5.32506170937865,4.46218969608366,8.17918210009917,6.60276906644971,9.23029173875589,7.84927298560723
9.57965015875177,9.23239710360118,4.9688628664065,3.5880198861427,4.94003839582219,3.95163602584638,8.30810462113254,6.37496960610333,9.1328077429758,7.63844390571407
10.1476169925012,8.60125013835895,4.52023515631574,3.2348460404317,4.53182844507181,4.22166533812572,8.38123873084842,6.55060660856361,9.56944102102083,7.72860524061814
10.0754517957566,8.83989052557157,3.75198064018503,2.67462023871432,5.51655073882813,2.87621318345036,8.7374744703717,6.59367396622922,9.70515692039173,8.36458271592955
9.89750291551075,8.84343342665995,4.80252940486782,3.41553968509812,5.16966820065555,4.03829035386452,8.36343980034252,6.45687995395235,9.08595915777979,7.62891058453701
9.55758615967812,8.71627557594805,4.34423930235218,3.43781033737689,5.22050627791483,3.97691723061511,8.13074122312534,6.52983710697823,9.72197371104498,8.16162192345104
11.1331014264891,9.10744027588663,3.49816527958998,2.6174456422662,4.11860951749308,3.46170398087472,8.82511780915317,6.01391297315745,10.3269309619276,7.52093778000794
10.3005705639669,9.01560669918115,4.48100280468115,3.497466160782,4.81993297258963,4.26969859078271,8.04890671183454,6.33965419955301,9.71714828487618,7.30372916095591
9.53261051894211,8.64740025495742,3.6991593157461,3.62362500737433,4.92206549301659,3.76649897225025,8.45824575279567,6.65956112533271,10.0240631122387,8.01416439261136
9.73385721197048,9.29521159140383,4.53375242584896,3.62552550932956,4.73419488216458,4.40756191940342,7.99950958998439,6.29952266681876,9.23901257308801,7.75795903385427
10.0712593843548,9.28858870871064,4.4539793639346,2.84989653693737,5.6133338431296,3.932834354378,7.88410022912711,6.41563210849839,9.28917426750206,7.77324339038473
9.44671928875649,8.79972832336696,4.86745004506983,3.66782857482905,5.32599912488026,4.04361108465522,8.14213172732403,6.5285950098628,9.22138964475498,7.64558050568267
9.71481340113798,9.38794083227394,4.83628413130572,3.10588751760503,5.45178216059157,4.17144281199076,8.23820292302351,6.4613142491087,8.9921177836345,7.61958942632036
9.08370780404193,8.84487809994768,4.73879385447316,3.62044149489097,5.64228232793719,4.26955786956596,7.9247546876336,6.69168578917264,9.21942303927439,7.97621513379907
10.2912487244963,8.82068964860296,4.7968579505894,3.51816688443347,4.72656317418609,3.85522769178675,8.58496703955706,6.18641585168429,9.37211112933858,7.26253804013034
10.1420777166396,8.84705555356393,4.19593638075655,3.54937251723821,4.71283841984394,4.0639737812993,8.25071250584919,6.57891546824916,9.40600646907121,7.68988338321661
9.22927158207958,8.87616563333225,4.25984446964902,3.9781191982498,5.14894301121695,4.74120195339334,8.16976474116683,6.65450984384478,9.18506392216349,7.80353617098527
9.56968234220727,9.0854288605001,4.04376264350815,3.93019052904761,4.94043724975688,4.56865550767973,8.03492547761342,6.54354446380046,9.4258684303911,7.45123872183227
