H_1280x720_dark_far,H_1280x720_dark_near,L_1280x720_dark_far,L_1280x720_dark_near,L_1920x1080_dark_far,L_1920x1080_dark_near,M_1280x720_dark_far,M_1280x720_dark_near,M_1920x1080_dark_far,M_1920x1080_dark_near
10.2443794596202,9.73445317371573,6.71540132147407,5.12537022288294,7.90547739127316,6.72951945928721,9.62172369536782,8.11147085935829,10.4946664766748,9.14042903988822
10.4774653335614,9.39609581905237,6.77422391475245,5.11544648339644,7.99228816824638,7.21643728365872,9.46530215258796,8.12594337390185,10.2273201202278,9.04943661301919
9.85164708073668,9.36133629170487,7.11009767718472,5.94343999961437,7.85760131365977,6.84246175667434,9.51597125041266,8.22162054454383,10.0842873839857,9.04297864331765
10.0836900633636,9.25478755695775,6.98261973593588,5.57677798810199,8.14099289062391,7.09237846259316,9.48437876858776,8.2764000912611,10.1276045068131,9.02421413793036
10.1899069787375,9.48495370116756,7.09521345445601,5.5302130582994,8.00869440471431,6.98874446719554,9.56290798239905,8.10034358395088,10.0494155206765,9.04421145162355
10.0504126838711,9.40080691934396,7.02507152178675,6.09376742291971,8.0099233647863,7.2066613854258,9.27042314417148,8.26010797623963,9.8192810228016,9.16222340104881
10.5405176622164,9.7339230842779,6.73697565896931,5.1948769472693,7.64902465031061,7.06862412887257,9.42584948922291,8.06282426380658,10.348866588649,9.05947682294709
10.0729421905989,9.01979573405993,7.07652322307922,6.1629998123085,7.8973220550044,7.1838519721306,9.43376794849328,8.38279131689201,9.8248589492215,9.14444998219085
9.80393469132554,9.33434369880561,7.09539034306874,5.85011571135515,8.36370108752948,7.26356091282384,9.35653084238907,8.27189389308981,10.0141736890551,9.15177165109659
10.0682762444132,9.53913786457236,7.04844646314103,5.35659608247895,7.71355845442744,6.8931656658501,9.73843356984253,8.1667144433171,10.3998373075842,9.05755042947737
9.92683603207572,9.42596852256693,7.16031894435161,5.99689246424044,8.02030251234488,7.11458091368393,9.3109250131064,8.23711586940826,9.79774017431357,9.1346690081145
10.3939794431769,9.2520137434037,7.04173728567116,5.47293847710555,7.60265526545025,6.74695486701686,9.97457592951072,8.42517777148636,9.92076548678639,9.45480686167813
10.0588066452641,9.16219708112209,7.02145079020143,5.75292635695614,7.88572713779929,6.68987055667967,9.63381104788763,8.47705390924478,10.2729464276286,9.10037607506158
10.1592112960766,9.36092047797542,7.21233203435727,5.63318074695209,7.89111457172583,7.05446364501246,9.50305246801776,8.18731176329845,9.92628404827187,9.22252122333273
10.1639404123821,9.47833403784608,6.72386561936282,5.71573303159472,7.67383603238617,6.30358002557525,9.87051408637007,8.25208017357779,10.4414907690204,9.02906571556895
10.318182735449,9.38051104283085,6.56886187652916,5.56781983072482,7.40166318355942,6.53932079824459,10.0613550238545,8.28080637091315,10.2663944851691,9.20358374961282
10.2371301078169,9.73883862011061,6.64749869677369,5.32804728789041,7.94504879558885,7.23186516593907,9.38820634687946,7.95936906020118,10.2188805926721,9.29988348577282
10.1236315080675,9.41378392094482,7.19967159605005,5.54735403835384,7.99151604046479,7.00179978906693,9.54692145256187,8.15316301104185,10.0761370681694,9.00945547407545
10.2295185411839,9.21496761363721,6.72682927867143,5.25427998921646,7.97722152809607,6.7050747591955,9.77503329348433,8.24708795509384,10.4767145767683,9.2856748476857
10.5382120264599,9.74391358125465,6.8543972707925,4.99227377686454,7.66865898704734,6.72854871469027,9.73913933539939,8.16184665618128,10.1620564938488,9.31151608264486
10.3094712323928,9.6141688359919,7.06578945449577,5.26519667474117,7.80479667764895,6.83392418037865,9.68659552567294,7.97454493666498,10.3070921843718,9.01605241516162
10.0550520828669,9.54420451571692,7.1965611784615,5.70420396109256,8.1692428788897,7.17840249101866,9.47949623837039,7.98600758794261,10.0786219742822,9.01129846967405
10.1342337439068,9.18236955273741,6.85898426480931,5.70965862978476,8.13480853319869,7.13910041871109,9.65900392977638,8.16521168258608,9.93882361851807,9.18112432627948
10.3609893340525,9.74332106335983,6.73395340511493,5.36252929525798,7.67910575205534,6.73549832660579,9.65476680196623,8.06835329308229,10.1972879994768,9.08016338937493
10.2998368616669,9.41636242126006,6.95247711215055,5.59058707501392,8.15310315775049,7.46548138910988,9.14288291007115,8.13516578998849,9.94754237318566,9.0205676343945
9.97933653821018,9.60463097370026,6.97918832708922,5.78064420557904,8.24245481638498,7.0891761997588,9.40382058019799,8.05579947167479,10.1999497665961,9.0440339550541
10.1207769366592,9.25984397529022,7.28350000137468,5.77020237057452,7.86246975689571,6.73482995989148,9.51072165242746,8.027025932991,10.1893217624676,9.04056528999131
10.0760169837175,9.6572740189496,6.91783467699196,5.79720699538265,7.83941154454165,7.16191730720121,9.19973602342601,8.02953935234954,10.0155904561398,9.25004748977809
10.6865960711594,9.62729705081485,6.65500871669686,5.3882548219613,8.03846730308284,6.97890314679686,9.46355877277481,7.89727137748182,10.0322911507259,9.22072893468462
10.2657459755297,9.3180897740604,7.07510970940664,5.61163421095119,8.02341659533159,6.77617536908507,9.7780937514128,8.03883203355183,10.2004828799249,8.93446145949947
10.2091375988222,9.0729313915277,7.24169231882734,5.96153581301624,7.81923566705979,7.10047213971163,9.64114137545704,8.22693541938182,9.6766634820075,9.32868954949993
10.2597550075775,9.40396617206082,7.29728806974936,5.78810344490855,7.68856358244457,6.73291518829246,9.51260441446208,8.23617763326276,10.0571064660963,8.96612495166729
10.0937648997653,9.36775044160539,7.31285433872773,5.39964241013592,8.12608905172809,7.14496194155238,9.44388166680801,8.01733115225859,10.05919962105,8.93026079684574
10.4570037622943,9.4858906307748,6.93314257378457,5.17835272677147,7.96801578304266,7.11270930625288,9.37068689931259,8.07607530630485,10.2284532032017,9.16318297865166
10.1773304507798,9.49061179121137,7.02695584104405,5.76671993315812,8.13751481502254,6.90191452772707,9.4897771897804,8.15508992142822,10.042005790478,9.04524401292626
10.3630296883781,9.33359240085626,7.01574735394196,5.61061667889608,7.81045540239781,7.07966942461383,9.62278504933849,8.31731566241458,9.97801573463638,9.20521798221659
10.4887251023408,9.56937635653818,6.84538793728515,5.57069651363613,7.78597607001302,6.6253905482374,9.52025414746804,8.0784508706943,10.233867546499,9.09213286733067
10.246738308786,9.50052326810435,6.78461664139556,5.58347093393627,8.26127066648446,7.00168859703965,9.41661869509861,8.15563482938281,10.1892882608203,8.95750403538155
10.3249092679693,9.37918451232367,6.94012402137447,5.28251283120743,8.19385275283858,7.06208436661442,9.43590957563431,8.19325830532867,10.1344511181876,9.10613237528558
10.3396347369,9.39675134739591,7.08797105688272,6.00137394630754,7.71780072631767,6.97930037013306,9.3963416948537,8.20373239778175,9.89361504862022,9.20036046815675
10.2604125821775,9.51443480042665,7.14171550588532,5.65569570364508,7.84349264143192,6.96161798658458,9.41049075592193,8.26836152344646,10.0870309545043,9.1976066217851
10.6681525095593,9.72909756965478,6.80109637521686,5.0626704353494,7.77416487638581,6.75229052467309,9.53772074533017,8.08667397284971,10.1068054166593,9.27557775671966
10.2299740693187,9.49078335554503,6.98879616150254,5.61529331660313,7.70754897894545,7.15069390649965,9.49781996126775,8.18942294779018,9.99295712428483,9.1364499207233
10.053482265756,9.55791617918317,7.11550631448683,6.07314917409141,8.13223198786983,6.65647452565483,9.43318055871794,8.04352541866297,10.1422342489916,8.80990748113689
10.3798475821326,9.24111064434183,7.06271194962796,5.1785951649723,8.08889462528751,7.09451191826467,9.56132469107634,8.3206423854421,10.0289129706188,9.07986719838595
10.3542648451062,9.46803722337025,6.9045927068779,5.52169698540375,7.59132238189782,6.62863951020774,9.74666891761743,8.13707404793728,10.4870094515539,8.97912287757972
10.220831525785,9.59334249093877,7.08147746861041,5.00995187550824,7.95966134729921,6.99878541391594,9.43076062643371,7.95668405479356,10.3166710957018,9.15335936081802
10.0278505944498,9.61592514788437,7.12191785951643,5.60908759973037,7.85351817681297,6.58625320610341,9.94201733610212,7.93871019179372,10.3754441675818,9.08569530158099
9.98478481385402,9.3732231037031,7.38744356532445,5.49362369090753,8.23785032110079,6.89726563606375,9.54841998840532,8.06389177813825,10.2370159443453,9.0077640751702
10.0191174665695,9.41805732344521,7.21823978607151,5.70330836028937,8.22169903261658,7.17841688525571,9.4399332640052,8.21843974030991,9.96537862561657,9.02146826957673
10.3033183990527,9.57591785323829,6.99383570530756,5.48966091781745,8.11717960958475,6.82048023334858,9.51792441700159,8.0447507369438,10.3010793084632,8.84446083351724
10.1960182901034,9.28496053340417,7.12969071620473,5.84511865885829,7.89896089362169,6.96344051809168,9.47905549078989,8.21684500621287,9.93164276354223,9.18863167108734
10.4076361562226,9.46769161611507,6.93414057571332,5.43375805358207,7.47545591423238,6.73570321128453,9.63420446712792,8.25233613942503,10.0396475143533,9.40328273162286
9.81833583578318,9.68662083615762,7.13576829443191,6.02212313269857,7.906315366526,6.89538759966322,9.3878633355329,8.20955692775937,10.0114642369066,9.19244031055369
10.3000115085804,9.3778430560355,6.88086840843274,5.32595631132081,7.99422443232984,7.03548906263062,9.37497176881933,8.16359920559626,10.3187020893288,9.15280568925708
10.0380142885278,9.18903886596905,7.00410866614792,6.23804524284068,8.05597066406008,7.03670043393371,9.35645513859188,8.36986271132786,9.7671528895951,9.19027606818188
10.2442911791098,9.32993047861162,6.99676902549863,5.23292327322307,8.2651215105987,7.24579198556666,9.40166232147038,8.1166943394959,10.0933333702186,9.08386492395315
10.434795326935,9.72727391038229,6.84122347140962,5.28647825467919,7.53300883580346,6.81096629155503,9.50930219648257,7.86216479469471,10.3468395709322,9.13319334899883
9.89344370793817,9.28300361905761,7.1120363470489,5.87558091835601,7.87571568212571,6.90943257862844,9.62049828823235,8.24418531142121,10.1674400511249,9.12479637798739
10.2437301292684,9.25173016162317,6.86780248301015,5.61753666517278,7.82506587852417,6.84879353532333,9.81489022355164,8.39312992755067,10.2363877399428,9.04025534817552
9.69195095540683,9.53446087889428,7.2689842397086,5.91719346975845,8.05558553874139,7.167272743788,9.51774252239534,8.24712035089559,9.93792300039233,9.16393917972434
10.1344842707555,9.3902484929552,7.39316144741121,5.6558685411473,7.84050390400287,6.68980518343652,9.61576201688405,8.2028027909478,10.2330321243024,9.0685025674676
9.86473276067744,9.19626265315428,7.41191043328355,5.96053173785401,8.25402942819051,7.18142555425507,9.54920590363318,7.99541669898954,9.87177518993565,9.093388586354
9.78387704881532,9.27389209184799,7.17253347770551,5.9279470845465,8.03536045183144,6.97367434942853,9.68054399110699,8.23047869908099,10.1689668306615,8.97464186609669
10.2318292299313,9.55908955438651,6.8860200862436,5.74942003314773,7.82135917193203,7.1829933701529,9.25801264248966,8.1385460238888,10.0452472628238,9.15506689564349
9.85599112580396,9.21457388580526,7.18114259653018,6.04814071301328,8.2170838053695,7.24764155769154,9.46710796107358,8.33905160964179,9.93371414409985,9.10551924206732
10.2612925520417,9.38166637251003,6.84071820603251,6.09413487349998,7.94400577308054,7.06857941433299,9.24679748960699,8.20806443646688,9.86450465705892,9.08166724359617
10.5632074177186,9.72818895159301,6.95854133815064,4.97733286905086,7.84705769209962,7.15757388426793,9.37318898447297,8.04297068899221,10.3294033657703,8.71087960414527
10.0735573816048,9.366551230865,6.86954962028316,5.72649530394804,8.21420497380483,7.16149295689798,9.2971840868903,8.18468370705119,10.0725139213747,9.13257248430402
10.17386552028,9.59286568993002,6.79444339294844,5.57181469198782,7.69740168497978,6.5668103949076,9.50606692518582,8.2320127329556,10.2958695329595,9.06178582661094
10.411348978953,9.83273338595558,6.63637398789685,5.31763475128413,7.73588007304907,6.87749579970203,9.34445290079633,8.00811003646401,10.2597575966536,9.11727473059771
10.2890525979484,9.68374335773828,6.82219503025577,5.51386377053853,7.99271055923434,7.03425259749136,9.4524642738636,8.11909431782557,9.93201954167365,9.30145708648013
10.4231608468338,9.76789759214944,6.83415162373836,5.60039699340266,7.59621213913758,6.69152338033885,9.44892189713129,8.26818124687365,10.1039709785147,9.25426592301503
10.0833517523263,9.14927589253643,6.95383875730045,6.04866382314727,7.72588577523699,6.91489017053896,9.37489605213713,8.30383750048074,10.0315322065608,9.12286196702725
10.7043693555745,9.93669373857801,6.70734810875271,4.59522837918188,7.62328963668438,6.90667715066644,9.56443110008693,7.87618610296477,10.313234507325,9.43784765611264
10.2078851371507,9.48061571120873,6.69093415613061,5.7582664862662,7.75082016558846,6.92431301121744,9.69979366294547,8.17924471276545,10.0604878807011,9.18041375206097
10.4711049578264,9.79515935330047,6.86852254793717,4.94663889389428,7.82796514166516,7.05660122676841,9.34780373124945,8.08747811759009,10.1950671018887,9.10938985920804
10.4889242991671,9.73271889857277,6.86736279709269,4.93309414649996,7.72308152122262,7.21333234468474,9.33454956084678,8.1381354890834,10.1470341541439,9.17606366587419
9.93741507396492,9.06437585798036,6.85193681702825,6.06983186882574,8.05680515202466,7.27661678646348,9.47894964127227,8.33957563032479,9.80868358045347,9.21219432105923
10.2151023614832,9.5225512521386,6.96126108291837,5.2112570457421,8.14601086353991,7.44942722947682,9.4924178467256,7.95070149422211,9.99571697225041,9.04629672507915
10.6173101782072,9.59210746441737,6.83667700662916,5.1550940709365,8.08954250397992,7.06318901080704,9.4255431465135,8.01661513395938,10.1364572403664,8.93097639637384
10.3701733101681,9.53955555879198,6.88809519535158,5.50840061388067,8.10738148246374,6.82215847319597,9.44599983959831,8.23185959514335,10.113253837948,9.06454071578985
10.177036590193,9.10371068458432,7.27033697816754,4.98500310580758,8.41830874161762,7.49183268482821,9.328181563134,8.10433259878114,10.2726376579749,9.08947520677826
9.83941265330976,9.27612310191974,7.24519560580444,5.78432797008319,8.24353396559293,7.1973711275341,9.54235509085054,8.29346442140674,9.97431799744175,9.12791118848561
10.2642281449164,9.48500203238876,6.77419549655427,5.46723655721266,8.00386001377802,7.17817834847315,9.33465389948079,8.07404053482809,10.2082963187034,9.14009889640548
10.786389241744,9.51581739969797,6.77137007146615,4.64405663479404,8.04282930782737,7.27138562826824,9.3143915834459,7.98280270799128,10.308857437787,9.00395286623496
10.681592467701,10.090129512985,6.63644070163718,4.30770679061162,7.69240733874354,6.76529885458712,9.43545341364291,8.06235018626443,10.4727435109329,9.04900322163479
9.94012303511326,9.00402106228199,7.04768674504134,6.42425701800201,7.6504240683274,7.0445373384652,9.71149804899644,8.52517202072757,9.70350588419398,9.35140098771489
10.1231192812621,9.63163612754688,7.10298531800011,5.69429119292989,7.99258703236341,6.62658279492237,9.72871701943673,8.11762911596135,10.1495203678316,9.05570528282596
10.2203927328731,9.14883889237401,7.11970523778016,5.65442067028195,8.20810712586546,7.23617534896406,9.38835729433887,8.08989271745626,10.0230293079652,9.10626062817022
9.74572508856682,9.60152417018092,7.18979763547607,5.93513030629037,7.95991832192151,6.90294011575965,9.38955054714927,8.13461558172723,10.0207650167089,9.22508031346513
9.7879798492788,9.16494540851195,7.2586701900411,6.41567606995733,7.80542048086285,6.92768979294962,9.53033024844811,8.41175641588991,10.2009001836275,8.7914635003363
9.81260497739732,9.40354957812625,7.28983691946339,5.70585063497528,8.28199479858302,7.30587580178265,9.4710014308684,8.14463276063425,10.0766456779572,8.93091981109308
10.1452798475842,9.3573996712184,6.54057258514886,5.79281659172803,7.85643110980529,7.17398994253526,9.53097678807209,8.29890248885905,10.1001209784387,9.25069477141994
10.2299460985932,9.36564670059039,7.0246535924659,4.81751764221647,8.08045096197061,7.22640083703715,9.41341425737889,8.23000389477612,10.3487389657451,9.20473831215098
10.4125047725512,9.71003032586211,6.91019775083556,5.57495972146053,7.90104541603847,7.04324544378873,9.06421614766738,8.23715515295399,9.81487059538474,9.3709618572841
10.3887510400488,9.53310502164852,6.78588358078015,5.51309862334074,7.79792649619695,7.00906843665221,9.40788638665449,8.23503921947293,10.0273450812426,9.31625330596717
9.83324721219022,9.47005884645299,7.05407567882697,5.83210071012921,8.00377102654551,6.80060336891132,9.50377974722482,8.21207354574569,10.1682075146565,9.04588903461647
10.1199863907105,9.48951093024085,6.87064623660091,5.85248722503035,7.85581152275605,6.60325807906869,9.64841027873005,8.29254872404849,10.1225144901695,9.06157011130092
10.5056459347309,9.95923237070975,6.89219957007196,4.86929029656663,7.72217527936219,6.67007820191409,9.53409990813954,8.10393606968911,10.4294323838143,9.10373344181981
10.0208612498311,9.39979904632648,7.12359591521355,5.91995716611637,7.83444616416218,6.90910118602358,9.52844446804529,8.32456309150009,10.2407971948984,9.00509198754348
10.0298551238442,9.19920818815412,6.67033902156579,5.96956407538194,8.17464463503457,7.36793484870205,9.21872851017496,8.40144262599973,9.90791326831071,9.33671726793376
10.3081384829575,9.14146762772917,6.96488874360155,5.83555736279348,7.59736118637638,6.73951258435267,9.82305354432214,8.31800780536706,10.0352376208429,9.20185538539219
10.1462782329511,9.6983075267239,7.13215625326779,5.89351769177429,7.77329582423204,6.8983011344498,9.51977909043655,8.10071624030449,9.83566060362966,9.31014903985753
9.80142991183432,9.25541384983868,6.9297065430695,5.91785720666936,8.40963720854654,7.20660681431269,9.14977833478666,8.33876827954409,10.1501791700663,9.03943949901039
10.4874244781283,9.54801435320657,7.19527869660828,4.80042987450116,8.15928618390121,7.14340427493021,9.38425220026621,8.00777847679901,10.162940029523,9.02825200355791
10.5566129268349,9.16448404255812,7.12345268378873,4.91818018054876,8.31237902015032,7.69173965540041,9.29327355927245,8.13029210974503,10.0627414820694,9.12988348970346
10.0835413184118,9.29347275300369,7.10441565166012,6.07256690342609,7.8584556180072,6.96717508019285,9.57094770988469,8.45676415266077,9.9135720922465,8.92540689166383
10.0532061175671,9.38953301612989,7.07640699563925,5.75904771867987,8.19682994607103,7.02868697708586,9.43038504907266,8.13703336974451,10.0278643875162,9.21678402036222
10.3463297239876,9.52643018161843,6.78801281310676,5.22383521286057,7.64062443496313,6.87734899655097,9.69325445421082,8.22000928446311,10.3677229064926,9.29259817084929
10.1512148182251,9.47115643350397,6.9503555751366,5.80762400634461,7.80690030546264,6.69973086319896,9.91833400177802,8.06350987688555,9.98289691615028,9.28038183053789
10.064648229136,9.68990752198089,7.08127934838196,5.6353435129528,8.16211486054974,6.94252648119495,9.34458377721561,7.99657181324329,10.21182160894,9.03207630752664
10.4170544888174,9.60926360999265,6.90443795086247,5.70542273974196,8.030229708163,7.08013173941286,9.32026202375889,7.80327270186415,10.1573352266064,8.86072092564012
10.1846571671598,9.23463043990116,7.28456215662497,5.48455309027954,8.2961013067061,7.09573615860728,9.44679783347701,8.05065115005547,10.0879226572351,8.90952507852897
10.164801089065,9.42003098272821,6.99903261637636,5.44631702303586,7.7576882194422,7.04218956027857,9.52860548080026,8.15184358120309,10.141334163861,9.13073718462479
10.2437978582089,9.57309117913116,6.84329876639189,5.69097562620276,7.62004469723587,6.65283481795756,9.73947424495726,8.2003227834878,10.1815774485727,9.1812882845551
10.1349102487459,9.55384104866447,7.08944317597853,5.66520799106751,8.07942963565,6.68149400520989,9.58884969083543,8.05358596702029,10.2405921892545,8.84597644813653
9.97363035090686,9.41473799290349,6.88605125698752,6.05181609662004,7.74836255041485,6.84459556400739,9.40637686541692,8.32330706593665,10.0761922890571,9.11246197235703
10.4975387464811,9.4889702921787,6.9278112742612,5.44875734986448,7.87935431795273,6.65776009154157,9.61181318356081,8.19930188646153,10.113656308283,9.14265716308406
9.54954545816416,9.25796898054027,7.22387519001469,6.10250781667369,8.461134483203,7.20460486293798,9.38977161572239,8.21284484616211,9.84717256912446,9.18552804709877
9.76221905911047,9.11261671642839,7.20008768821787,6.01906290788899,8.26253456266467,7.30316517559007,9.4454610279271,8.34527408608339,10.0694437274338,9.0357115056257
9.87495407690617,9.34598089562608,7.18462677040286,6.0948789955633,8.09952797720752,7.36804134924782,9.35103712754139,8.1112940239388,9.73669023130924,9.15983031202201
10.1493638932535,9.31265550805594,6.97433759317908,5.55812759897002,8.12722347139279,6.99177133137096,9.54035067306819,8.08861094050034,10.237239138685,9.14366667667039
10.13214662055,9.40689509841443,6.9984540121199,5.58800766102117,8.08766569183607,6.7626438615879,9.61623283851657,8.17130050050487,10.2949184453219,8.92034139579477
10.4000940551102,9.5305055647134,7.14025712501762,5.35288092480089,7.91352500973353,6.94514653804273,9.67037681427264,7.9791046918925,10.0650300801735,9.06060292217579
10.3754454533105,9.59527247398048,6.8973015227,4.96223279781154,7.83668166622938,7.32269429500429,9.72001850800713,8.09864456984535,10.069931073434,9.25683924951455
10.148761297579,9.19452778184356,7.15755117309845,5.85227030199113,7.96273582257838,6.90198897836129,9.36391986707964,8.29449639774399,9.93757457757334,9.08218208959235
10.354857355761,9.51057722806784,6.83643904509037,5.5949941898562,7.83029562555951,6.93505378007601,9.57461068827856,8.15911849901922,10.0113985880541,9.37975325675011
10.3199465883457,9.26242204895346,7.4036735903344,5.52977495560743,8.0354792645328,7.44420235424078,9.10440255058161,7.91798193757782,9.74516940912021,9.16145326981575
10.1320629526046,9.52690615850017,7.04719734898688,5.76195028660356,7.53995282919743,6.88906347656856,9.49968635755483,8.34557787023347,10.124345974189,9.18355004198688
10.4231140210349,9.75919959295899,6.74613564618582,5.05848910849639,7.85190953875482,6.96317000673439,9.36765461069627,8.00062776241772,10.3192944787587,9.14313365836481
10.0156012276873,9.38766944850338,7.06315355789917,6.04936497616666,7.76782555575297,6.67154718035478,9.57117884555051,8.40088805049955,10.121592924782,9.04548440488525
10.0125514142432,9.31014772705341,7.02341973798357,5.88276504929494,7.86081450602676,7.10173379852624,9.6035906203459,8.21454501841578,10.0397278167711,9.16801955872778
9.86680529810538,9.27959849885692,7.20102086607183,5.88798195427091,8.23025919788027,7.03641147151559,9.56116024264617,8.22935799174421,10.0898269134401,8.92973653237202
10.9118175172281,9.72671716389775,6.81799293916298,5.12449528232533,7.84149075524203,6.83411935379047,9.42729068853015,7.94251219161544,10.1933576389304,9.09445118271846
9.78191027187308,8.92452016127543,7.45730577276633,6.06071750585059,8.24018888384212,7.96010074599835,9.03005726122094,8.29754408177893,9.58552790265188,9.14749155849414
10.1502358122112,9.42760642394801,7.03367103284518,5.60741965987898,7.99763639441497,7.08195982381558,9.32898956990551,8.11543888845305,10.115852273112,9.25366522277458
10.3037532545902,9.65983707606654,7.19866935302536,5.71212964085869,7.5781589648492,6.64947744358978,9.51475633463732,8.26936095492342,10.0694704535784,9.07423406061472
9.96931571895021,9.32655081588597,6.88400339110654,5.66417429808862,7.8475671003822,6.90616660544145,9.59294005216954,8.22776510215607,10.1910844101475,9.06595270959284
10.3592086980769,9.64514491616,7.01282580004284,5.34908942256691,8.01597775559656,7.042169781436,9.42057096360849,7.90935678895199,10.1297231547651,9.25991322724675
10.2138129198552,9.40961967866229,7.15666462514233,5.67349340532982,7.84636961594334,7.10709941700889,9.57986108985901,8.20070748506277,9.97854687335699,9.1595923237301
10.0186989223932,9.64010233784805,7.16362647390256,5.90057533921863,7.75631611011461,6.9776246914515,9.42590545976741,8.07899484551294,9.84987910781734,9.37705819265602
9.71732050075467,9.42207284571738,7.14906635539615,6.04101255515588,8.10307894314906,7.26448796030599,9.33392013554569,8.27718833669083,9.85209807622446,8.963300455302
9.79376307087221,9.27438767399457,7.10751953432882,6.13165874988548,7.90330944535006,6.73670522403493,9.54117460512837,8.54566162256796,10.207673643247,8.85888736726409
10.4305995446791,9.46359144802253,7.04696790006203,5.50831989828996,7.82813510943417,6.78303232755968,9.56026564400292,8.29691406729692,10.3128309628289,8.7641689072421
10.299151975878,9.49616837926813,6.985056542115,5.45251982560884,7.9105875382889,6.76338544148259,9.55520016424311,8.03931588133317,10.273305578484,9.06567780044741
10.5161565072176,9.52243153576093,6.85701001160558,5.03433094140344,8.20086877153662,7.00757937262102,9.4151274220414,8.00517368318731,10.213512494492,9.1278617331046
10.491708613477,9.49519479489602,6.92327906707132,4.94934245653503,7.85751436800755,6.8034474183633,9.76274230178521,7.98352132465656,10.3073465273226,9.04235758525433
9.95712650642062,9.15350045331979,7.24809578795639,5.90471230317871,8.17111492052637,7.07915709583172,9.39406361640009,8.29000230205146,9.75567316185131,9.439267055958
10.21208632517,9.69877433004168,7.02700984787322,5.14403275894125,7.91058459821863,7.15666114927877,9.54279813312876,7.96380444438549,10.0994186934119,9.23607128487576
9.84071908281746,9.21079560361091,7.44941873507243,6.09102668343163,8.19834951428954,7.06413464790652,9.47136005240219,8.22812795304904,10.1349059697137,8.66714384611812
9.96979365736554,9.21843409549372,7.16848289800724,5.99512574419062,7.78296176129636,6.95636387762306,9.6216971088269,8.2437682386991,9.98825296940352,9.34053876687407
10.096937171729,9.38244270917582,7.04771258883445,5.85703355673766,7.74984556964983,6.69628123488094,9.69792126370211,8.20717699227234,10.2029353729304,8.9928809574869
9.78840296173475,9.40498058994275,7.00406846615839,5.95562054721774,8.26999725258276,7.29875014839389,9.40180608181074,8.18951259151087,9.83964873798675,9.31386481230064
10.3154481698829,9.85702359415654,6.77159547668263,5.69586334658619,7.44830090934812,6.58261264012176,9.44362702792299,8.05334341187759,10.1612252770524,9.30030944639345
10.2971136621396,9.4949772767751,6.78998855986318,5.65552627707503,7.82760606716433,6.83068889624837,9.44882722074322,8.14027140005654,10.0993909625618,9.29016805315359
10.5912896113875,9.44176206183801,6.80971560646664,5.41563997452974,7.89234432315275,6.72264096931331,9.65623277316029,8.1650570609161,10.1486647491641,8.9634145937178
9.95320212681094,9.13745646478885,7.34141372757789,5.67216668509643,8.27325193627487,7.07553555078796,9.6341189205167,8.34448567113955,10.2447731394412,8.94124898730115
10.1900430462953,9.23710991381521,7.19330421454171,5.80302468907342,7.7361049520895,7.36621686006439,9.40814610635066,8.16598843230682,9.71841654793207,9.34856727396137
10.5138368579169,9.5135506991729,6.96660404589847,5.45764552568352,7.56370742341685,6.41528601472729,9.82414232090997,8.0122689067318,10.3339939081728,9.10800642720122
10.4363995377775,9.55549205051038,6.75478311168429,5.40530189582796,7.94352013903757,7.25601381880739,9.35581282682928,7.95918061531717,10.0948328831417,9.06767747642913
9.9483101082554,8.98283863020438,7.17002217924431,5.85544744479927,8.05448581538331,7.45249870341233,9.31584415765332,8.21161851929525,9.84819025544087,9.2608508912039
10.1326165253566,9.42774829896734,7.15292925488038,5.80518782920701,7.58815479786856,6.82211754589933,9.61361058974652,8.37222233152316,9.76835103900915,9.40252085365774
10.1384439486266,9.14839095400734,7.05336310056911,5.82232304266218,8.05095927693375,7.03486236779423,9.4393818877874,8.21772088016999,10.0451905643568,9.13574560716678
10.3615107543037,9.51151181391437,7.12319450322495,5.03847438405966,8.17692006011561,7.14948573102985,9.32216318537367,8.13225218750468,10.250283213094,9.07940597814031
10.3204963538113,9.17595867992084,6.86183226313964,5.52835395768788,8.20396157578639,7.56210798129519,8.96473510224099,8.23742370224255,9.83045762623325,9.44843386924117
9.99787680026317,9.31131579215281,7.134257551389,5.81957880552851,8.14980200142617,7.27278783831747,9.30954629168068,8.15629851458503,9.95179295089065,8.98321343354858
10.3228007892512,9.07138060622356,6.8900813546722,5.52357174499233,7.88043282853232,6.91117757210654,9.70911846027278,8.24595924252507,10.1628494909063,9.12662415352087
10.2405820258771,9.67440742581961,6.91348569290785,5.4027908612394,7.74719674338233,6.4938412221759,9.63183575732557,8.10224166594613,10.3632849076641,9.01811220039594
9.96555544241911,9.48310554232799,7.06681456761803,6.21498113595085,7.55257911981811,6.66329450942938,9.72652378332158,8.30008165542614,9.97183640771012,9.00305023449114
10.9738177126004,9.94228033503255,6.67355110429778,4.57808997874101,7.75510608856027,6.64021280342712,9.40401811792379,7.94927465476031,10.4856783051397,9.12262353940757
10.1708757795358,9.66790300380612,7.38025566483583,5.44369990361445,8.2751607547543,6.95033622813509,9.47889853743463,7.99444411588028,10.0950892598902,8.93172837167231
10.1254270056895,9.11770104791292,7.19180657153081,5.79226304021454,7.78955426450149,7.2053087361593,9.48103376966608,8.38518581402593,9.97563364100293,9.25728072530065
9.60236636707928,9.05864515679566,7.27591548853514,6.21282974986199,8.10154833878885,7.07529106764598,9.54247156963208,8.3904220958922,9.93025483551735,9.17166941542953
10.2316810351369,9.64956775285557,6.8750717476617,5.0301102523449,7.96340391180334,7.37937900821116,9.28889416664048,8.06199884384685,10.162391659199,9.31636040496622
10.3871571853128,9.67623478244689,6.69048713566397,5.47514953627731,7.60871176893966,6.8413276280648,9.68265005259363,7.92510590919523,10.0606060426003,9.53000946170608
10.2825750453909,9.69787021528971,6.79599196600506,5.75814998564453,7.80285046726847,6.95703753287309,9.44010018100179,8.17586187262635,10.0886463743835,8.81687381473974
9.9609207402217,8.99845445130373,7.11423776889025,6.15864489259217,8.05545462878415,7.4765869076095,9.47793640282423,8.17931428767027,9.72594621476042,9.08842330868585
10.5613949030139,9.7431361058091,6.76129228655458,5.49522031807246,7.80730030557589,6.61314858429167,9.70868211942995,8.05170494035161,10.1423487770532,8.82248155216177
9.97104225715086,8.93945756145134,6.9510868471945,6.14708957234485,8.26921222501131,7.37117234008648,9.29425253947245,8.14595049741787,9.80743947694728,9.15228136230553
9.67808940966344,9.24059778820041,7.35461904858321,6.04731887938264,8.35404809322483,7.47116304816246,9.20509060635573,8.28269745960133,9.79247742473951,8.95829580140543
10.2678217870742,9.63115471969605,7.15021232426136,5.51832044097873,8.10229601377499,7.03262271605823,9.30718034700022,8.00572140075675,10.1354743227394,8.8368351035104
10.0898411670043,9.34359594524574,7.37388734200196,5.67350404403581,7.91235514466842,7.18120454171292,9.42741128818885,8.2140165399212,10.0758917040693,8.94215116426352
10.167178021193,9.50702950801,7.04012960066252,5.4898690551251,8.08721741526079,7.41464566208602,9.121694072981,8.00018966052478,10.0273401827256,9.17100888394029
9.75576115785609,9.19025956324461,7.47690693438118,6.13971551548928,8.10430915970066,7.25893822518408,9.37389323848381,8.09915297656216,9.86159077171239,9.01983353208492
10.0609793598724,8.80313142435421,6.99510605086945,6.07064511929726,8.07723220107727,7.66857148724377,9.26037276552855,8.40438282145578,9.78971470063535,9.31930689111367
10.2367679116627,9.624867821155,6.64809922153875,5.61882052759469,7.77984854491006,6.94753072959735,9.82655194313307,8.00530022326524,10.3643820915444,8.83501282276266
9.94826812692976,9.10979980372672,7.22833771434581,6.20079465153294,8.00772032469306,7.23939894702296,9.47766129787561,8.27611632925783,9.75524360477423,9.02563792177864
10.3224965117655,9.55528914105925,6.80087641608846,5.30310903252538,8.06630808829263,7.25188191175882,9.44681829949073,7.85641110163659,10.0860154777928,9.31355309062668
10.4460577213702,9.49230038605,7.02151541940706,5.03302355505354,7.83603652220002,7.19583420431486,9.38989229685019,8.10032310691415,10.3324211869323,8.95944349041448
10.4760524586017,9.82648893959104,6.70049943715314,5.06580180881438,7.77243295004412,6.40355859631968,9.58260430722602,7.96481514851588,10.3475671956096,9.20265131368496
9.97764239000506,9.08410423783283,6.97153097454276,6.28449901760785,7.63977792268161,7.02052209037631,9.54078072184457,8.50887892700402,9.86928678495968,9.05742400524135
10.3561750461919,9.30837893509968,7.00301636419765,5.39450056871262,7.87258882354907,6.94570723092508,9.68050060297817,8.25684257909861,10.0033291330961,9.31387070707541
10.08299234002,9.349397943043,6.87297828382629,5.77483783578872,7.90599946940553,6.84131286759384,9.46771851218108,8.25676563503831,10.0795931605945,9.22724039828215
10.0755941756641,9.52084410916616,7.15851719023922,5.2070467234249,8.44768875047188,6.98150431382045,9.50847277524843,8.15243095192063,10.0768819472313,9.24990263937664
10.3282883498014,9.53566367563107,7.02743058090831,5.23503591844789,7.89213033223946,7.02402500219577,9.47035777324645,8.02044275632667,10.0212653826209,9.18564893994424
10.0487803311771,9.36642209184691,7.05682583755491,5.75578621408556,7.92324098496861,7.0437061938199,9.40038456333315,8.14065495323918,10.3097366343319,9.03657312070481
9.91328370206864,9.45230418661908,6.97327334238046,5.47698581705159,7.98083019136623,6.56386384886344,9.63884150210746,8.20946175494452,10.3904316018877,9.12113372822456
9.77631485474649,8.84865004778173,7.18136922062753,6.5141110145712,7.87296484841671,7.29052793702501,9.31502324547487,8.54207710344102,9.66790228833917,9.25216167057055
9.96385133876083,9.3423261273403,7.22549537121182,5.65961734122062,8.12353299728666,7.24813660098052,9.55499752770506,8.11631124499691,10.0349288535484,9.14431818263229
10.4203877883225,9.51589063434077,6.87454468501771,5.16478943884869,7.79460544952401,6.9750862467927,9.46701115195448,8.00114399424647,10.1854569593371,9.47422663484563
10.5037449103211,9.82296170498947,6.68904085160079,5.27568613084509,7.68926052517321,6.80603208937494,9.44111682782166,8.20787798151729,10.2246383328161,9.08277123901898
10.1113595854077,9.72683217815337,7.17741322959515,5.6216804928363,7.90528571910464,6.58686484634662,9.51827625206019,8.06242674721554,10.1290022215648,9.26461195945624
10.0844800776684,9.49842097047207,7.09974766981369,5.51548936291662,8.04448306416534,7.26431142769557,9.41386881089232,8.16816569051765,10.0296697471512,9.06034965990009
10.17229648184,9.74845006833267,6.94409116185745,6.055652730107,7.7756662381689,6.93529896164796,9.21064345711808,8.01817599042935,10.0325820177003,9.05128535798463
9.90512116882414,9.72197623419716,7.0345428688841,5.5620146686825,8.1426327890026,6.52240481013332,9.60451976996682,7.97077606465312,10.443891152597,8.9395847145806
10.4551385230132,9.65727797098878,7.38060978341237,4.71653109766668,7.68070611228726,6.70439437698543,9.55447693558887,7.82015266939166,10.3220296464807,9.32513606133683
10.5461456350825,9.14484375855903,7.07472270782456,5.32150808729458,7.52458695370894,7.19741676775931,9.56382527449867,8.24600312153367,10.0710004605359,9.24197886362699
10.1693962518458,9.36133193610246,7.2341339529387,5.74190371577009,8.1260748945823,7.08671966277998,9.47197776777298,8.16832446229668,9.90564029895925,9.13755879138274
9.61357812148402,9.0763391643384,7.43403206327574,6.25996192375988,8.21445371375943,7.42667984210383,9.14179004726306,8.28348410963748,9.5913423515875,9.30251127974591
9.96408356711531,9.34867440899592,7.37641021805614,5.76677438241442,8.28887330578187,7.01393058006385,9.28925896096502,8.13137332270592,10.1741434399198,8.91942580479796
10.4126328162399,9.49326361281978,6.92193606233046,4.85379920782074,8.0128702025152,7.06918012799226,9.55550573965568,8.27316098045135,10.1125549484923,9.30802031108777
10.0844242450009,9.33854746230227,7.1213318283449,5.499477493177,8.24519253330612,7.09524548726732,9.45067417256329,8.16322512279953,10.2103525208711,9.13690796619838
10.2564584148946,9.1891046834535,6.9401646086465,6.25636325024918,7.85310793156012,7.14829192200707,9.54838163385699,8.26234665344975,9.69580861800542,9.14100221933363
10.1697829540999,9.33418136743964,7.32218113171668,5.47847129990964,8.01625231461571,7.1489402363286,9.37945581566257,8.11928985277037,10.0259181231759,9.16964982741045
10.6521046985149,9.52862750330185,6.92254733305584,4.96129196163826,8.09391822683356,6.72371901869757,9.60643944331987,7.95847574232622,10.1783801866806,9.12235362413164
10.5505075686433,9.74656837289498,6.72870327813816,5.10468769076381,7.80987236496957,6.78015899676797,9.52093705238303,7.97070413783747,10.3062337686671,9.16521190999332
10.0207033461109,9.41316858306357,7.03672202287557,5.73480878013181,8.04941092609688,7.12098857187852,9.35250693359014,8.2824572665761,9.93951250800323,9.11568083346427
10.1637100705202,9.59562907294661,7.00722299748983,5.34352852883993,7.98844320010722,7.17832443111675,9.21133010466337,8.09110840028126,10.0154226676961,9.34875171719857
10.3675483462312,8.88813860004685,7.12578030664281,5.48077607337404,7.95807875340935,7.39297008044192,9.67157937144257,8.31870729260125,9.85660824805386,9.28523221134465
10.2422492956667,9.49116361076815,6.82281072533542,5.7140353743819,7.95727182705698,6.8885725165257,9.59516932622766,8.21645447828645,10.1093237794968,9.09300436622416
10.4956175667553,9.4762087358514,6.79250339141873,5.28834960294884,7.86221472806311,6.87533400912123,9.40937169547106,8.11048405807608,10.1530699235037,9.12331673105135
10.0581754653983,9.38148288266855,7.21896199537098,6.19577515103768,7.76410785614105,6.82430990447727,9.20002145656614,8.30170135427081,10.024703024248,9.16073484506781
9.68372942809457,9.52108431912836,7.17129783296109,6.34187508534687,7.9187661190922,6.92102475820958,9.42868796051044,8.43837863554348,9.9694205386507,9.05054616852552
10.3591394629253,9.66220275929991,6.89118220204765,5.17103227398079,7.98209065826351,6.96470618430629,9.5251318250538,7.86515565594319,10.2717996897644,9.22203469223736
9.93833869129504,9.41575937077045,7.37432983085496,5.9318003319213,8.14557607186989,7.21381001627491,9.31292085616023,8.09696915134426,9.9396809077877,8.99544215339601
10.1553274947282,9.03086186844651,7.06494132721204,5.72553987933453,8.11771070769172,7.0672072307108,9.62026317760436,8.30864147644081,10.0100383458387,9.09170391210922
10.0955967354734,9.21816841695784,7.14882772115926,5.92260833175155,7.92382668821603,7.19249118934874,9.35284829770583,8.26214218062138,9.84485633085728,9.30843999863522
10.4206277466379,9.82992364659563,6.84639720957516,5.07451226950888,7.71677013769183,6.71954856096227,9.68050380529987,7.92079600823249,10.3179496089511,9.37766150678178
10.0327334694572,9.55688601442015,7.03642801832974,5.58459595714929,7.70269320584208,6.82910787710831,9.6034114128613,8.20121357291493,10.2111243489482,9.12035520836826
10.2268850659486,9.57478800231178,6.70508914696265,5.12905067759914,7.99496956313767,7.42866981929205,9.31111322953941,8.01265107364043,10.2414829878414,9.38115443752812
10.0418178251781,9.81172157438625,7.0504330924937,5.07920580180916,7.9726103638165,6.90651195272321,9.62619371388985,8.10535474447806,10.3071481601394,9.19395156953375
10.0074858471149,9.27277703409436,7.22726087594886,5.88245216469389,8.22437419950546,7.16060256850176,9.34656832597009,8.26486251422008,10.0088768190726,8.93910003069835
9.77454335444976,9.16126075170578,7.1116427004389,6.56643137161664,8.06869833138738,7.44120953756101,9.16668357658367,8.42747046204772,9.68407115922226,8.95670300048543
9.99681067684229,9.3960239630516,6.97999144725258,5.9959985024985,7.72031746439936,6.81142928238427,9.77389484185961,8.25885615153595,9.9124587910509,9.28569333903399
9.99871473462822,9.61484117753156,7.05384360908499,5.73352658800465,7.86390193618296,6.90808284630035,9.55948775705947,8.27510068580949,10.1353792846345,9.0898784233323
10.7966485919913,10.0312785157991,6.38932586151004,4.431292721079,7.65541647986083,6.5460837598457,9.96963050442208,7.77587116983331,10.7642161045169,8.95937323855492
10.338521879672,9.60151510695258,6.85946787402064,5.04955426763276,8.15679211253278,7.11816265415902,9.48347519593473,8.0094725891358,9.99164180624298,9.34835378535432
9.92507297498415,9.23836464465578,7.31575879216443,5.87103210862466,8.10503742478986,7.192608205089,9.43818488289205,8.22636865101445,9.96244493942296,9.12496796898151
9.90768531330646,9.09773336359358,7.25324590422064,5.84330923996303,8.20390175019439,7.10141522763944,9.50987312601212,8.29411693948619,10.1454190969147,8.85371006598172
10.0961153242476,9.51097090511428,7.0902105582688,5.96411422677757,7.69695544334925,6.64404142489997,9.47348342592224,8.34984165838641,9.91782721614605,9.27987295211557
10.506382164266,9.80813436882759,6.92284790294812,5.23716224682807,7.77620867475715,6.63775743289544,9.5634981678827,7.99081415574329,10.1907513136658,9.15841384328885
10.3947704747171,9.72543239360514,6.76222136981702,5.36946299627045,7.52739513346491,7.03143151923809,9.37257182356653,7.99090944196772,10.157255631471,9.12807936359696
10.6429304261396,9.79991062278149,6.8657611503127,5.4296066139557,7.5934517233208,6.73817046836127,9.52098963367138,7.97941052975351,10.2564561174454,9.1019442108656
9.84663541470711,9.0933410829999,7.24181964822022,5.83172771429813,8.01370791760876,7.30323844703661,9.52039952676085,8.2370844608611,9.9867536914454,9.20715864424653
9.89272163623195,8.94368998406463,7.14119472506159,6.05068189846441,7.84480867467024,7.01794720043058,9.68945125504822,8.45287829532545,10.0918718656593,9.11571760704702
9.81927392028244,9.39577272060252,7.11920592460789,6.25113956185846,8.06818117868506,7.10302227003056,9.25004517845436,8.25766390612168,9.97134411562019,9.02473356211712
10.1595046219386,9.17881465783399,7.00282931158656,6.22605041942604,7.81749784725862,6.97963346771873,9.46091195730958,8.41117007183191,9.86374774998621,9.05362863020039
9.94578119268385,9.8060199594742,6.92211409500802,5.87278275426711,7.97485887657023,6.95655182905598,9.29542886021895,8.03041780266214,9.97176596690871,9.02921883931377
10.1295001511608,9.01656691790541,7.03774367397573,5.88553958419975,8.28931609217372,7.34661539842311,9.33411513105464,8.25953942966668,9.77403344744527,9.11258776419242
10.2990178705911,9.56633157218087,6.92353663125827,5.68238785654156,7.55406122616867,6.67128691369568,9.78603137458902,8.2345180562253,10.1365287401369,9.19397493424809
10.1911198302366,9.37807334305685,7.29855420579444,5.81062393099527,7.84627082421444,6.86070607141804,9.52756586229358,7.90722869747469,9.86806181437172,9.31455022244227
9.7122016479421,9.7181028193638,7.25729958963866,5.84919847896478,8.1499857897768,6.76177869484651,9.61074396592728,8.1297705582814,10.0713932378956,9.03860206979341
10.3839396877947,9.37540637218613,6.94020487970875,5.64079994523492,7.57544300261337,6.61757853470804,9.70698785468575,8.25759207998971,10.2670202557551,8.99862106697289
10.4821360022042,9.55632117185994,6.759177240523,5.32607786935027,7.58661785154254,6.86585255520154,9.58510430248601,8.04619788339382,10.0860357738832,9.52679393585902
9.89675191388059,9.40543698545665,7.22503025200236,5.77253063817664,8.11979229624789,7.29558620937101,9.24134673358108,8.04172364151695,9.89519831225844,9.21029805557771
10.2563549250496,9.37444207908035,7.10016171844486,6.04548034041389,7.52825804005458,6.25651632952814,9.96015171313455,8.32753761886677,10.0799649652482,9.09091053960955
10.6496796807174,9.6550537894308,6.63287142336811,5.22279223244985,7.71308432399667,7.07451979909704,9.56216184031107,7.91851017103009,10.0365040284643,9.39713646537135
10.5324503759852,9.63292860245882,6.73752602540132,5.24889274810758,7.9960321052279,6.9898146557321,9.45745151311728,7.8592128628286,10.2198347072954,9.04230600917449
10.5155962349004,9.34480169347579,6.88610397510518,5.33971078955488,7.6884994027429,7.0088935673544,9.65199877132353,8.31459578556485,10.2445665082679,8.99282206922334
9.77779517221443,9.44589252607054,7.0885331153707,6.27750349686288,8.16258950331393,7.30397144966621,9.24919501730201,8.06766238974299,9.91318664958289,8.91962691066058
10.0730452542823,9.49029543598971,7.00467083370876,5.73544945056855,7.92254256867545,6.49963777875159,9.72297323299413,8.18019041485201,10.2558742659488,9.01928941524856
10.0312914090283,9.5256472454268,7.16821946112053,5.319658067555,7.83717945774781,6.71125409412768,9.96424501049183,8.24436586642678,10.1875090620807,9.36033233751492
9.76884183374531,8.81311363839994,7.23139734714645,6.04039086827307,8.23195596135968,7.30927569248066,9.26587871466011,8.37348400664368,10.0220291778738,9.21514221882522
9.85442106222584,9.34739536145553,7.36916551001583,6.10660769638883,7.93166587192019,6.81491867883205,9.68201058823833,8.30119802083454,10.0001688503921,8.97878025706131
10.0510989543989,9.25919071609395,6.85230695623836,6.04276633169029,7.84388262285173,7.01947453927134,9.51602877410338,8.37791289177242,9.80844213200517,9.23021083638631
10.4007234671821,9.65828489306199,6.74206688536775,5.47742095114632,7.94488830430001,6.98988127587596,9.26648657191736,8.15806217410512,10.2513192437147,8.98042836476722
10.3567006005799,9.69206651120515,6.92759959353871,5.34115300335429,7.85014224017914,6.91160230973327,9.52671765461332,7.91471351148657,10.2064772040798,9.17697486428588
10.572693331027,9.69365066338078,6.82046811100686,5.24096367570649,7.98997784386448,6.84824011454984,9.42819099329997,8.05252195417904,10.1753463842374,9.14743367132625
9.99118666660249,9.77525232850317,6.9432942499226,5.35886950212541,8.09305668478154,7.42497430870587,9.28044234772508,8.22391926231389,10.0975646360726,9.27877004781047
9.88805075494473,9.46698913416348,7.14311449687115,5.87021315561625,8.18556368798089,7.31269373755574,9.11458820507531,8.11318263838968,10.1005175724117,8.94553657761256
10.2427717385718,9.29305701097076,7.11392786569092,5.71381239121427,8.17605198189811,7.24514227374705,9.45709855057304,8.2726435775912,9.79878252205979,9.24368236089351
9.94403041751768,9.20339020829888,7.21910312270121,5.93155064269735,8.46878139670475,7.58341946301506,9.13155663138607,8.22964851922154,9.91803520779253,8.87644434972604
9.99465845574435,9.07143984744246,7.16593432320288,6.17296805209104,8.13096687274387,7.20465360300311,9.473690336317,8.24692695397689,9.82263720192754,9.06304704901187
10.5958580672285,9.44806295618455,7.14077378461204,5.07559081179276,7.53689968534512,6.70814260494856,9.54735371635594,8.08366875062521,10.3855568899524,9.10789090292712
10.1783552026387,9.52703019839721,7.20103059158601,5.38285642482667,7.92606499064171,7.09542082825969,9.30015928621492,7.99347602743159,10.1807114278983,9.12703428465293
9.91370131620328,9.42033637524487,7.22276837148977,6.16154345009564,7.85509958909275,7.17350678452445,9.35342842444707,8.27661325891305,9.86284515805961,8.9993514887232
10.3495854146179,9.22206652968093,6.59137430124822,5.40856809902441,8.22604973041424,7.3732501751387,9.31397061434782,8.15128929568977,10.0994091278893,9.17982278032235
10.4231703867669,9.64961545263337,6.74412405500654,5.48863263846021,8.12552314253264,7.2011596942903,9.04539440540475,8.08215041572388,10.1228504106572,9.26121376412255
10.2110712333182,9.44276455783136,7.07968443801873,5.66232569156108,8.10814404516508,7.06659937937224,9.39127212856426,8.17164194310363,9.91898026405813,9.1883515892203
10.4593924279253,9.34005649637079,6.81427982683925,5.52903488634638,7.97240730511516,7.17463486335808,9.35463069280384,8.05079427858753,10.0123217103156,9.33609748938197
10.5173923851245,9.67413614814809,6.67268976917977,5.43814655037194,7.57795060203185,6.71967079664837,9.65355177183727,8.17587770759078,9.96979901411314,9.2851929375295
10.0610018568845,9.36208391820971,7.0091098171338,5.68212943287199,8.12133169921994,7.31076437732368,9.37449415485695,8.20283064134695,9.87805282773792,9.08571882848854
9.78534892405542,9.05640153371724,7.04019183022716,6.25971117237549,7.90981512617569,7.4050099763755,9.30793415764703,8.63104598580524,9.82965554005148,9.23514333995643
10.1402545799565,9.29948153488281,6.9683704428374,5.93401031822498,7.75604409307466,7.04726622065383,9.36472120334626,8.2510962597986,9.92508745664068,9.2610967204422
10.0222645665943,9.22588057617527,7.04601541610741,6.2634238176492,7.93458850251209,7.20165369498825,9.35078582885384,8.39044120801285,9.93905115158005,8.97444942252903
10.0507051772177,9.20048469937451,7.06827873279272,6.05957488273375,7.82634975647913,7.06627146075481,9.59865897138881,8.32633714941895,9.98102824519721,9.01061499404753
9.9669054123493,9.05273856487557,7.2118161751772,6.11276504841674,7.94294211615923,7.09658924072873,9.32697103328033,8.38643936397824,9.86606355883195,9.06792056066906
10.1731305540438,9.63262933654677,7.19081003318525,5.6137308087503,7.8039328259618,6.98200921374776,9.25522703838847,8.09924781959317,9.8936835391366,9.28428238070316
9.90097381679828,9.10074120826435,7.57073827866526,5.45064108355899,8.39426283883738,7.45944835943242,9.27050769939257,8.0171782851441,10.0916882041059,9.01453920954011
10.0214618911246,9.59406210222934,7.13316145800477,5.71220835310937,8.02910263842722,6.94345891165715,9.4018729852706,8.03432289585088,10.0325564501977,9.09112850209958
10.0232228577995,9.41834647343657,7.11342249598668,5.86457085681421,7.90405059804303,6.87676830309029,9.70900574779806,8.23970723662861,10.1833262230928,8.7779740410723
10.1223057420899,9.10780699421827,7.01057821205595,5.76538920354356,8.1229052706739,7.07345982160843,9.49327451253207,8.2641891521703,10.0044976193819,9.03429171551698
10.1653597997152,9.68442138956062,6.85105824371072,5.85541134962573,7.76506537532313,6.97933162499145,9.23646688423766,8.2538560484417,10.0275957902456,9.23743386134341
9.96358664182631,9.43159420255488,6.98497866805949,5.79654970812388,8.46183203806773,7.44296091123016,9.08630574568014,8.07633933129366,10.0329489108258,9.10159218100402
9.97087608457849,9.15989282750123,7.17491454414098,5.96734621631455,8.12869506736235,7.07146080774828,9.42381855464469,8.45999954895249,10.1835258637033,8.85281256608149
10.8710195701639,9.73566029799674,6.87359969829396,4.61880720644098,7.58829208448775,6.80271081291232,9.32932901333501,8.23879248942128,10.2042330383015,9.34975304884149
10.1729475569115,9.49665094018949,6.97637579875862,5.77824288946048,7.8316108234442,6.69794888630243,9.43762660038774,8.10437209218631,10.0898831311092,9.18266983610457
10.3377573004256,9.73962181011153,7.05735210293814,5.51720844930743,7.93032772086458,6.73270762705915,9.49296594319332,8.04950563387484,10.2979327291098,8.94517885187057
10.5615835542422,9.41326884888308,6.91307656456225,4.85356071566393,8.04470037607784,6.90088110980469,9.66539086507585,8.23596059501715,10.4915473729197,9.02173228321116
10.4539040544057,9.58048702524991,7.28877816082489,4.90597567465552,7.91458490499229,7.16225382352276,9.40943200061066,7.82283728958993,10.1994518473316,9.03565467547555
10.1594557704582,9.85822956630089,6.77118927082788,5.59983857838122,7.52645768633264,7.03535212316049,9.51168114330308,8.10771701735218,10.1279815031796,9.63304862215094
9.94133414236003,9.24978940083645,7.24012100028255,6.32670118532404,7.91769191076456,6.61074775645385,9.71694431720863,8.13383000439138,9.84378527588278,9.09883651869773
10.5659095851005,9.35763190933909,7.28083088193327,4.88433685809527,8.23124434582828,7.17247431840584,9.31939300162819,7.90187776934561,10.0887620754283,9.22524129826479
10.2026447937701,9.14533109928046,7.02106172122563,5.69966083833845,7.79740109187475,7.32084064713324,9.6313878696145,8.09027966037571,9.85980195133828,9.19328163821574
10.1109943020773,9.46149761630431,7.31976407444121,5.47531358399165,8.13642855889186,7.07956955931554,9.64886422097451,8.11486851749263,9.92360263166572,9.26620694950474
10.1552893179035,9.45381962573999,7.11665958184463,5.57073219970273,8.10852407088078,7.28721552525452,9.19334809720685,8.11534776004493,9.98337397049375,9.16698648172919
9.83443193484309,9.53903624579038,7.10388713763157,6.1995544626163,7.79915942665567,6.95107310932387,9.3656110399306,8.49279425896314,10.0902472041705,8.92744064201084
9.68161794172904,9.22795879540376,7.53238584262558,5.76194388180495,8.44001855489849,7.66148612687843,9.2128320901169,7.93337551170636,9.91746010733135,8.89037808044008
10.180231816808,9.62088827006259,6.60588061141238,5.72073276000297,7.74894437972233,7.1373039337097,9.54880549468474,8.02228246745285,10.0788546031397,9.40441818936291
10.2870443877505,9.56113441616767,7.1363172989453,5.348540248184,7.87614805841042,6.91201073030515,9.43312831754637,8.12186448261114,10.268657083632,9.10825743029047
10.0783848779185,9.58369574566833,7.22710363542451,5.63722461678095,8.17049807780761,7.20299635292314,9.19788888030402,7.96374220564148,9.98079791022155,8.92708681212187
10.4078195903066,9.6792579792075,6.82486784190528,5.73721091249763,7.75859998673589,6.9741871439884,9.27503771143665,8.16202355153447,10.0406496941861,9.09580243558535
9.88056620016471,9.01479212710713,7.16773478316913,6.07486904617505,7.99573777958679,6.96334262883136,9.55393983403836,8.6387149393243,10.2300323473559,8.87010243874446
10.6560893681178,9.47977279033138,6.37533876068817,5.22272923483513,7.37964947745754,6.29873313341952,10.0222807661959,8.21614120172693,10.3810977331374,9.3316096697858
9.7626885415893,9.34280863525117,7.26367665974427,5.84046140973922,7.89308586681147,7.42942460677147,9.40313657472606,8.23254728392122,9.91738319484357,9.21574312904489
10.1834397628215,9.33151678318301,6.99905574406652,5.520892971616,8.09279938797222,6.81120372268029,9.4263773499929,8.18553531469413,10.2788565538846,9.05127193557882
10.2702959868504,9.63465025937673,7.05226588694502,4.86144415592941,8.19872032535153,7.13406865897266,9.56913654489929,7.73696171458989,10.2701452577214,9.21175127473277
10.044676683254,9.35495104338437,6.9982273867783,5.86694825485674,7.43852754338458,6.83772090912474,9.73737499946821,8.36923287451112,10.2127091180598,8.99728387978449
10.1006835427318,9.06126469761365,7.11383858841738,5.81063314774555,7.86584470429417,7.08501643402924,9.57591235093532,8.45408710538557,9.96517299687786,9.11946605893764
10.1936882557804,9.29380599701188,7.01160921183008,5.79573881182441,7.89179889577378,6.70907312429153,9.589455039818,8.36144300422596,10.1000507462276,9.17705617474335
10.507878367026,9.64180154628321,6.97260219292252,5.04237962607319,7.82894648754515,6.80017223700351,9.35025110695686,8.21496359584873,10.2330334673251,9.1468765673997
10.1798719488352,9.76899719313433,6.87232240361696,5.45790826256571,7.69298871771391,6.81251672513226,9.47944821412194,8.18017182467706,10.2752708778539,9.26182280370779
9.99471693393871,9.38410195407109,7.40790003680714,5.58107573700882,8.35815328084421,7.11859290883409,9.57355516697302,8.05761829231354,9.96646729510358,8.93011451024942
9.8259231729489,9.49627036097235,7.38042719609828,6.05749973427961,8.12064528386997,7.44808623007772,9.13307701940301,8.13092638831001,9.83534141069708,8.84888481335523
10.2360418978954,9.46622142207957,6.8590761876642,5.30626396766671,8.17655941142595,7.38153739305682,9.32547907642639,8.12825050769678,10.1247848102501,9.08427736791927
10.765762838594,9.78440829417659,7.0293664641681,4.7793200292343,8.16503525956304,6.94566700149852,9.26424283377914,8.10566185202326,10.2920378623604,8.80423528560095
9.8533505356996,9.09219689968156,7.16931407320585,6.06047859791455,8.39056425934531,7.33381601976248,9.40515734667839,8.26895760396854,9.90444860243374,8.93675795961847
10.2125526657191,9.16532652189758,7.00756074171399,5.67891800352417,7.82091160885273,6.97471630494544,9.7200200720189,8.25702066356241,10.1152584924507,9.06139826064172
10.646206306303,9.52154926355782,6.76609087513735,5.17086022870424,7.48199880084172,6.83455606032832,9.56763593960769,8.2894140096956,10.3342792886441,9.24321679626193
10.0510228801211,9.41483786482627,7.15955268299972,5.78368306885472,7.8252971091126,7.01911478496752,9.52665690332871,8.10715157874571,10.0064066644664,9.00573930431111
9.75187758101853,9.21756751347572,7.35280538656455,6.06288202528903,8.3033556079708,7.35154792706504,9.46447642185772,8.24834548499602,9.88735247181885,8.99134913595788
10.2029848115483,9.23644592883405,6.99651650582234,6.05749529322397,7.73239231937751,6.8562377916364,9.61187998525403,8.41051953881956,9.98256588355771,9.04462726203103
9.72364781774161,9.30235799682148,7.16917267737185,6.13858469239693,8.19531977671153,7.42250595437415,9.08238047925055,8.19313446905733,9.77949773547561,9.09115936001536
10.01890362137,9.60630374581709,7.03268127631784,5.73525951521817,7.54085864556286,6.61028593711802,9.56123166805646,8.22142798970565,10.2086241991757,9.20091630403643
10.2795432115456,9.29205811947746,6.73156400417158,5.51007816985242,7.81079089457725,6.80104965950043,9.72985579976656,8.44894720422388,10.259618001488,8.96475948644402
9.94402065683971,9.35550831037871,7.2169397048196,5.7917173351868,8.19821266734303,7.38476404210375,9.39212612637297,8.05472552221384,9.9424918689435,9.16687122494329
9.97238275232219,9.35005097232366,7.04297809740376,5.96324992162891,7.720214492176,6.74689347285296,9.71084156519031,8.27519575404142,10.0715493646003,9.39180509902498
10.2806307328957,9.78554490281275,6.75398262721961,5.01697075268024,7.76459055890887,6.79886173733744,9.59679408215611,8.10110431933973,10.4941505905741,9.18939205255413
10.0431786765021,9.60577416302826,6.72794884433475,5.80489341339653,7.62069364646602,7.08502287862294,9.50535502634439,8.21419534044401,10.1835216953462,9.25204245267004
10.0102671713539,9.61148206653068,6.74086747889608,5.44304104639431,8.09793880996606,6.83727718436759,9.50947513170833,7.96271425617408,10.3722940228462,9.12337477920643
10.0954059939338,9.51530195942247,7.31391603903077,5.67198576675072,8.00818854035591,6.76967985919869,9.57829035341271,8.06408121406382,10.2333482049516,8.84913931370708
10.4201360618763,9.1211807909246,6.99911412333871,5.71460760459821,7.921148166146,6.77749912044538,9.43174127042831,8.25408392251433,9.9819818052357,9.20605755168234
10.2390796017521,9.59894993277051,6.94046082439559,5.31954517662171,8.11661704827052,6.9988079484313,9.5299770275568,8.17386437136679,10.1124518557995,8.95071972130034
10.4477052296076,9.81075290741917,6.65147956640417,5.47336781707439,7.48888901226408,6.75770148549154,9.56557502471535,7.99113594998134,10.2749496320334,9.26021495745886
9.75426193972451,9.21821684128801,7.17107504981713,6.35694603093384,8.15065099984907,7.24157368011934,9.423677054086,8.38761568770246,9.77998664374197,9.06054009985197
10.0574902324085,9.32876831246018,7.19394690496678,5.91083108681512,8.0219347802356,7.08360080247563,9.3688262135902,8.28502033646227,10.0593059363752,8.90447293482219
10.0163934678242,9.26231220216394,7.06793190278052,5.59465246049032,8.22608027633655,7.18932176678156,9.47736105427222,8.28220404059456,10.255446499212,8.90919532241667
9.5787350911902,8.85932822882593,7.40399251847187,6.5403709978998,8.3047299499066,7.30052204990168,9.3805962514389,8.37947321745521,9.81344127506987,8.99278420782292
10.5718892548384,9.87318760876031,6.87141274865832,5.1660764385598,7.57877171966833,6.63908238917889,9.88711723916271,7.86004267977798,10.4764065299268,8.84628148975208
10.2354998756294,9.55364437884884,7.00809997461674,5.31226481928116,7.98968315855914,7.13208769313376,9.20363144258154,8.10672851507122,10.3302303001184,8.89895915482475
10.5063209116492,9.78861713284337,6.86060303786367,5.21791696909689,7.43856768419886,6.72925037962878,9.50648436044814,8.30141029490675,10.0622876732654,9.42657086653742
10.3109253733709,9.47033581521893,6.68869873576653,5.81664329046732,7.62026328830279,6.98336763616037,9.50420888599113,8.25117229882284,9.86628092812183,9.33188689968838
10.189948680552,9.27877593347143,7.15376456047205,5.48703854235842,7.87375874688007,7.15532094885641,9.3827628957852,8.34021403149976,10.0562255562162,9.11861713411426
10.1497486434181,9.36751754051533,7.19985483204302,5.59889318815309,7.85190947056944,6.94749234061861,9.49107273944186,8.17044006258452,10.0403732400353,9.12173084174192
10.2016636801397,9.14843928550426,7.12705505647388,5.63793511580946,7.85114198533088,7.12603825738472,9.76534626562065,8.23368469974547,9.99961502178963,9.17883525318008
10.6966473439136,9.96166571217443,6.48778187882946,4.75228329822549,7.29704921796191,5.76986895722357,9.92653825356341,8.08620918378539,10.7819743393006,9.14508831555699
10.3404800283706,9.37688009843806,7.16432029238526,5.53572927010335,7.84226770821556,7.00242022235832,9.41728063285343,8.19001206301562,10.0300129571097,9.24311498764694
10.1548258905787,8.98561892457142,7.25382128911078,5.77522866042882,8.30374506422533,7.08404078353622,9.41394323568662,8.32274031298203,10.1445623092456,8.94006269014277
10.3792004966604,9.51720537738655,6.84148786955424,5.33990765515668,7.8275071397319,7.35817354550568,9.30197994332394,8.18950691604616,9.97831673733454,9.14508447907584
10.3431340568707,9.55729678701955,6.95457812964417,5.01842185048233,8.16546692026133,7.16975498878077,9.45823483835361,8.14676737429015,10.2777079388304,8.84391142111954
10.3222852875571,9.4052746211427,7.13979155137672,5.25338246396576,7.99097963819417,6.86057818058548,9.56621935810695,8.19711416275745,10.2978106105276,9.05929511583176
10.5630315752259,9.90284389459986,6.60475947640268,5.18924357119084,7.64412083997511,6.768101112376,9.74759552179363,8.04200992992216,10.5770434356923,8.74034133155405
10.9511027744559,9.19850403171133,6.6121280590063,4.28872488732214,7.70197408424977,6.69831779194183,10.005538045184,8.24007282024413,10.5772836458859,9.19524848497773
10.0227265652802,9.52414757784972,6.92669977814779,5.33112590627002,8.01237573518514,7.10580133174978,9.58244481855581,8.08055218296277,10.2808359982314,9.16143631855307
10.2540876022544,9.64144593159612,6.91154701085576,5.38821875585546,7.84754508848226,7.05317917817697,9.46045805867849,7.95158158415881,10.0823980654282,9.16092697822544
10.2599790870547,9.81195481287833,7.07275948580637,5.09494592276767,8.01101034732666,6.82647699079139,9.44807718586923,7.88670916737357,10.1928443186399,9.14911939988016
10.1727843406479,9.60715711177981,6.9287674146941,5.80869333832451,7.78278784082393,7.0612372583435,9.27620194109048,8.16382303213625,9.96698085583007,9.31773419617643
10.4183764331601,9.61263191038756,6.86966053230157,5.346044912163,7.8454856112983,6.69036022311313,9.84054039036989,8.12836953580834,10.379768879982,8.87909844346291
9.86922192267978,9.53120013331445,7.280863318664,5.19376147535502,8.26312648893642,7.13072062225939,9.63841164065811,7.97908497486998,10.232517614616,9.17540850580002
9.97467654916501,9.30669240518036,7.10076261425242,6.07399200781526,7.86565880629035,6.97954733550244,9.41667240066169,8.35356449907992,10.0675356575417,9.13349126242488
10.5115021980723,9.9007140182888,6.80684094921398,5.33597218237007,7.87589326467062,7.08518857242404,9.1579202471717,8.07545259606949,10.0979373025116,9.30003476423395
10.3435324705902,9.41492108832214,6.89630599239918,5.42962454844521,8.10652226004245,7.26816434344059,9.36335055853128,8.04821546163081,10.0107109642445,9.2445016577568
10.0462691187501,9.49838320402979,7.0452716783897,5.8046582112018,8.12363040015994,7.26794472961202,9.36478044426323,7.99116412326336,9.92209377228999,9.26958632091083
10.5450959105362,9.54967580012207,6.75976072467859,5.05851003768573,8.08753413566719,7.31929014579162,9.13961665750158,8.12696604452744,10.1464036455046,9.20822971845969
10.3186308007485,9.88625299515014,7.00217253956204,5.50803863697061,7.86823936065199,6.90722791373527,9.31679272437658,8.12754300010417,10.1426911244577,9.14430984609625
10.2389045994578,9.08826097461631,7.07637714160247,5.71772663174584,7.94703290142174,7.38342336985584,9.25644652214696,8.27010000162713,9.89128287085671,9.36715580457167
10.2012918970977,9.36097382175359,6.8792989082025,5.84305851710145,7.76596816401291,6.84153476703891,9.58225185918689,8.44371158161812,9.90310847237615,9.37243724825875
10.1572105279542,9.2589195119388,6.92336356366682,5.66261036308505,7.98604327774268,7.18899549092558,9.53424907708133,8.17311672773441,9.98960063085813,9.39867631825923
10.1404089072821,9.44294154014638,6.97643570353781,5.63559313496784,7.82287844688612,6.84385048604237,9.86202728237391,8.09728634319546,9.96364207765247,9.39306619457065
10.4212107059621,9.35842798148578,7.09390664214031,5.58897860655093,8.00121068850234,6.98847648848906,9.46270402866932,8.1560739372585,9.9659012612043,9.06652526884388
10.0407362285428,9.35715334935282,7.29594010332615,5.60359285497354,8.18899411831517,7.34426556636362,9.22313185276992,7.97195389393414,9.90994394257761,9.22280483320659
10.5876443952419,9.89581204889418,6.85050929292616,5.01017681118782,7.78538980681117,6.89057255627724,9.49656037052337,7.974855676944,10.1131269763591,9.28480762845004
10.198133894663,9.43883089206029,6.8151873562802,5.60458673425675,7.4717716384113,6.88117536317264,9.83917679434593,8.16441315807912,10.2824368996216,9.08563297009455
10.4031061230773,9.27988726630427,6.75941823690655,5.59611482321774,8.03673677374781,7.26080629613213,9.40252248172951,8.22577574669838,9.78638322008483,9.37086751509622
10.1799812501019,9.43151994396286,7.40121477250363,5.30212364412362,8.1656791954581,7.30124026664168,9.37287971173776,7.95153948260002,10.1513728263069,8.7962850411526
9.9518404958565,9.32838178600272,6.81879773315839,6.12161058535406,7.51884939442704,6.35835857601956,10.0495142886357,8.43407027619611,10.0829869122405,9.15431246020941
10.5995735711078,9.6307131925164,6.80619119101806,5.07098256068514,7.68687570036086,7.15660038570063,9.51225391927866,8.21418652220655,10.1016981214853,9.27013228179611
10.1367486681379,9.22265437079647,7.02656020276505,5.67241025983006,7.55916499127777,7.21412102999239,9.51770714916979,8.37272240146646,9.94185886041001,9.40478239173601
9.96472840638703,9.12449775864064,7.39269380383986,5.63661701692064,8.04744211212769,7.18181856158229,9.66320249495726,8.17522461914647,9.84088416701587,9.32320715508083
9.91952663470278,9.02399701114897,6.88520723440142,6.20124193798741,7.71972772975023,6.8942138742507,9.60118297597425,8.47534607455029,10.1676765434124,9.18909970662268
9.91169845689442,9.23778002607391,7.21042812999938,5.73067531184322,8.11663482398057,7.05410217905681,9.44510035932854,8.35901749132813,10.1150709840449,9.28133125325551
10.210301833259,9.08587976289998,7.03125945826288,5.63983578199394,8.15145414471692,7.1342283637422,9.38464875619983,8.2897176277998,10.0752321052542,9.18205518377074
10.290609516188,9.35109616273522,7.00524483911303,5.40183055798195,7.98021202295645,7.16933203012676,9.49245589102109,8.24143113578091,9.97398295162404,9.31948260449145
10.1269373467457,9.43300549513092,7.02318550276262,5.80494817472032,7.94031665909304,6.95599942321276,9.51207875474381,8.17317956506986,10.2441766917723,8.74865735094078
9.93540137118185,9.54394135594705,6.98316095392146,5.75998451559758,8.11419064609204,6.98869308485422,9.59245104258819,8.16024932295014,10.1049329646768,9.07440802629231
10.105910946433,9.44498110875752,7.21858967929356,5.72831759940669,8.39272022343468,7.03985884658432,9.40726404378857,7.99783975352744,10.0093565190219,9.05846409486289
10.2979409041675,9.4605686466491,6.50971013243939,5.74659510818981,7.87971871278025,7.35442524592036,9.47374696279339,8.3603103290769,9.9154149753356,9.16951871905507
10.4022815963011,9.16928395419032,6.93591198241661,5.62879476146557,7.67863713514662,6.77252435354999,9.75721084662845,8.12349082508668,9.95799387571648,9.19264827517973
10.6492135916537,9.69750724183464,6.81787372904152,5.13177696137337,7.80269644173176,6.89917232808856,9.53281812799788,7.93776602075762,10.2103446760123,9.24074125739153
10.1313405485657,9.11742993459559,7.32654860005713,5.32991313097724,8.42442077430681,7.44697378843736,9.38471457633285,8.17461702594047,10.0909041047543,9.0348752804652
10.0100581981986,9.6845278961291,6.93087625846063,5.48034676886569,7.6954988717185,6.51786277686533,9.53678174488883,8.15771123384727,10.5201517227318,9.28207057755994
9.83207767425503,9.46977215616823,7.19533144036837,6.047694084966,7.96776416031876,6.8635327882011,9.43077631168268,8.24323666213294,10.105000897815,8.84330597144803
10.3929058934141,9.73747334671436,6.9773540046752,5.6970521149997,7.46045048502762,6.41041563954542,9.66807060110395,7.97975608048369,10.1801703695822,9.22399188360225
9.86518952112478,9.63361476907048,7.02690266488738,6.03387750517006,7.84318382426757,6.73520331509216,9.56636386348399,8.16995681098982,10.0727794851769,9.17372868319403
10.3292571643561,9.58141131352754,7.02768214010981,5.53756206659657,7.66969195566769,7.02687919738316,9.47414347974841,8.05326104157088,9.98419037815295,9.2377860489895
9.86584035323643,9.42456994706305,7.2030166214673,6.08422274476968,7.72491846313226,6.75082459030613,9.47364548865589,8.15907584382186,10.0920761474184,9.00410328389717
9.61706146656599,9.36678009918751,7.30093224605664,5.92208625562488,8.05014712873853,6.9962166399734,9.50761417695316,8.29973461087151,10.1191484587955,9.26405564221031
9.98256152565754,9.53579798939641,6.95716380320717,5.65736421869404,8.02409974357597,6.92508312965974,9.49303302863945,8.04020710509032,10.3051190854897,8.82961969166756
10.1678687904961,9.45724958071172,7.01594299077815,5.27771228479067,8.00740624829122,6.78472379561165,9.59692416932318,8.04873654858667,10.3860710661271,9.25080557373839
10.3369921434153,9.43272371990277,7.18370820799719,5.2251216518018,8.13482895192512,7.09429792765813,9.55142310657671,8.04705966735251,10.1445763663189,9.17361970934119
10.1010776824632,9.59794596446524,7.2807864813488,5.51721248583067,7.92632507268242,6.96596300224344,9.48602249174285,8.17945588153864,10.020245708551,9.20759109556612
10.3312007362646,9.49726254275839,6.85575375142933,5.40801982522396,7.7492141194464,6.79340096308937,9.66892332379159,8.08464786201922,10.259904665022,9.10616043454502
10.0922161489394,9.18849068561012,6.92751097224501,5.91171164863179,8.02026912165722,6.88373128791805,9.67979916692636,8.25182700692737,10.1121683362967,8.98419875874206
10.1456363981256,9.36728436288937,7.15436638309388,5.94448504910201,7.73078332611795,7.0692703149408,9.24150854315882,8.3046061411898,10.0478020639491,9.05403806268906
10.1927383871162,9.30542768027476,7.04684887196832,5.69894088143991,8.20412675359058,7.16143227601669,9.78969130158291,7.93079800690284,9.8858608573541,9.26717183671228
10.3587954344041,9.52147418830623,6.74314843041246,5.49545079668813,7.6683925809967,6.62573151163153,9.77643981083959,8.13560594805841,10.2548133895843,8.95463990865829
10.2549838492673,8.99606523412538,7.51878250277956,5.73410664551063,8.20288712852738,7.08245124457178,9.50194048436367,8.09476332723535,10.0550558005544,8.762033386393
10.3317720502945,9.27634182357535,6.95977410790176,5.75786667379183,7.74190430275415,7.02696119972458,9.57375432319721,8.26891170253765,9.97383964379042,9.26736006674343
10.3321536486115,9.9517072917171,7.00696161121601,5.2692995557628,7.91649213651643,6.62079880449161,9.57440138720987,7.74903983431295,10.2009424184658,9.00191757962631
10.2547874439196,8.91617051923879,6.90963533620794,6.15051255234332,7.87316074617093,6.97735699893408,9.57824415172501,8.48448434636886,9.89548597168423,9.16080937311664
10.2424716650958,9.50680643173163,6.85733439148026,5.49940020872082,7.9929878754281,7.01613048981391,9.44568685509184,8.1679367751114,10.2224370266828,9.12940469251792
10.3726446933709,9.83908019461911,6.91796129497439,5.31514253128868,7.82836602558475,6.9787710616208,9.47031904029759,7.87545231345252,10.0533089539423,9.38482685223678
9.87389630669557,9.39743411681678,7.33367223379032,5.85774260581829,8.34639101847607,7.5015243073225,9.24862727878216,8.0423537173355,9.94783651089197,8.95917589506277
10.9087577077964,9.50724545966572,6.88614271316868,4.95351577812073,7.8414143519007,6.61701536856359,9.56832757571959,8.02502781869664,10.2257486911041,9.31515742182103
9.96590079378687,9.49906283802837,7.24113745467942,5.73052074207993,8.01587127723744,7.06194644632115,9.3685046791932,7.95649273135025,10.1391094673873,8.97994837675549
10.0348189004561,9.36256733837057,7.03964749780011,6.0937103192792,7.84137855085829,6.92549709194929,9.25775891656726,8.2545325087257,9.91082262662302,9.19258310101636
10.0614534093996,9.36555297067011,7.20504949098918,5.80561717055559,8.20526393894352,7.11454582364957,9.43246454241358,8.01194451833387,9.90969024829219,9.15035231622346
10.2061142948227,9.37687049485205,7.05878299472491,5.44858797443985,7.66472505460769,6.85833488854559,9.83373295652665,8.20270888836781,10.184870950436,9.21395951839504
10.7716801878907,10.3172048946483,6.63705848098446,4.60957235821975,7.66790844381675,5.78894042163511,9.88981832704524,7.6723127743839,10.6132479989243,9.2549666587843
10.3299869049756,9.73979513294459,7.02134937687301,5.41157713157641,7.77871620162052,6.69207837882504,9.5190293214984,7.93725204081316,10.2653939500003,9.07446445134249
10.307017158591,9.4733772862082,7.10347848682244,5.48424781654731,7.78086554960865,7.26158087172223,9.34806736382744,8.14857263371792,9.909869729841,9.17715024709055
10.410031338258,9.42692552001098,6.8707526863839,5.35348953899962,8.06649522628525,7.31618978417486,9.12852832409889,8.18446095820319,10.0046192512177,9.04651081150965
10.3631657392171,9.58727437581763,6.88679290034114,5.54171442254559,7.74066650914131,6.61677004106393,9.62686371343032,8.1663379010397,10.1848183152571,9.21696885548633
10.1576686448752,9.48037668606034,7.03050289672119,5.48841679432323,8.37559450633349,7.41925702248912,9.20341060549446,8.03480794266421,9.93586505456567,9.14119799402215
10.3150274842494,9.49774641133362,6.91983412789407,5.65547532845301,7.98500561330227,6.96129213271066,9.3908049120738,8.21172266598109,10.1314916978813,9.00859467431338
10.2776498340528,9.72479080631689,7.06197787943342,5.3811381032528,8.09808649153729,6.78126199405461,9.43963507705491,7.8302277383878,10.2442455257063,9.21824226269924
10.4849231858806,9.46427995228279,6.9768944026464,4.73227451541658,8.14563341248579,7.14879913958692,9.34907205611951,8.15830835805166,10.2683348367113,9.15798474657857
9.71787070898438,9.24893906518211,7.22952881970823,6.27259673821191,8.18867696412631,7.29690420530882,9.24080479368013,8.08893417169518,9.90202808029035,9.01421558330742
10.3892726968222,9.79696232556863,6.97621471805241,5.15393869326899,7.9289010121538,6.74227740914051,9.44134130139343,7.95026400336805,10.3243856104476,8.9779547781186
10.2691008437862,9.58650864997456,6.72989389663747,5.31616155153772,7.75268687655168,7.17447936955816,9.6463012255423,8.27066686098402,9.95043128259451,9.17183422780529
9.9850492789802,9.4785073970824,7.00110455551324,5.97825443004472,8.08516339230455,6.68323369452289,9.3252450018329,8.17590356569855,10.3475773864437,9.00707487230875
10.3646661387093,9.51517864971758,6.94488319544737,5.72790923859198,7.83354786861537,7.03848635791446,9.32290569418611,8.15824984845881,10.0048446726412,8.91151431863483
10.1818084520391,9.71779221529079,7.06683185702874,5.45201305444739,7.7856613423777,6.81575959952604,9.76032937695424,7.99813609299626,10.1970767882045,9.11086520800925
10.4190342259108,9.61438274259633,6.90914479965708,5.33445649578585,7.72679849619581,6.69057891798695,9.5887992601954,8.26659476572336,10.1063693059921,9.11042092243115
10.1140941813567,9.49919993288554,7.02170780211724,5.94074697395987,7.89526337603068,6.93144189371237,9.47167162300779,8.10637155174522,9.96334251964148,9.25613118666121
10.3834862800658,9.30961923753949,6.71543244968468,5.41041231093467,7.61681062328429,6.87277182781508,9.73469095184738,8.31553110636804,10.2537214219204,9.29091884692733
10.0265842359901,9.5571240027466,7.31253052631116,5.84872908365076,8.19149677392213,7.16311909502721,9.28338075416148,8.00601544517085,9.99003404434141,8.96646030584929
10.1160351290039,9.56362917787039,6.95520608583386,5.70926244268834,7.69512562161279,6.43609268392827,9.93690887443612,8.01722606695738,10.2666035535619,9.07711104925163
9.97409448744102,9.56819728327552,6.86908616389051,6.06817234034424,7.92802014454045,6.85448873507949,9.52632694360982,8.27413905155756,10.0393269892384,8.98195503383719
9.54584235194504,9.2397819641212,7.38173917592106,6.12021850815621,8.59440652588334,7.46293592692071,9.09261111281591,8.23457398053614,9.80380288117208,9.10256113609701
9.92798607257723,9.11233704021567,7.19619235339232,6.11208120302913,7.95266626176638,7.12594316941835,9.37543549037208,8.30581239834015,9.94936897739294,9.01006288691813
10.4500288608423,9.72428039263137,6.95748430653771,5.27041808582183,7.98205836847572,7.00344635299571,9.40481773291252,8.04301100735786,10.1672070950066,9.09590750486245
9.96325803076918,9.2947058667286,7.39900000431841,5.57225090154276,8.15184761676845,6.81589700003281,9.53724495939196,8.28899126420376,10.0468895102214,9.20116310126283
9.74126222630996,9.41734059902164,7.02837069996436,5.88350058885968,8.41720089582204,7.55909771544614,9.19386670505535,8.19549335447109,9.84346595091085,9.24495026731204
10.1187981723536,9.14044549577762,7.10290495289703,5.49621893229069,8.2208590153381,7.24650407359433,9.37485113930708,8.28395122791401,10.17072701094,9.04802902080394
10.3113855364102,9.58638783083116,6.80110400084741,5.32873677679036,7.92628912962618,6.78575584939337,9.57076578134232,8.02089888990781,10.2471738145127,9.25373250733587
9.9923190852779,9.24348962651752,7.04663592175534,5.99405802690243,7.73840161968698,7.33454295885903,9.32200139003725,8.31787898820842,9.97496790430231,9.03222519449273
10.3680926691485,9.43822716645558,6.66609480975967,5.32664680373151,7.68872997199784,6.55224441944337,9.81435048828063,8.15202841313497,10.442639575117,9.22835563543717
10.3792509761985,9.46272578809171,6.90501182195054,5.66973969489517,7.59436719327233,6.63318689703078,9.59053063882471,8.20491585728095,10.0734146401058,9.16507512207319
10.2106977290549,9.58459179749988,6.9443414554721,5.17014083419136,8.10659129841531,7.25754167097709,9.45923378489498,8.06989161895103,10.0898039831108,9.15117502028918
10.3128362053531,9.51955032344432,6.93199989998479,5.02617519284385,7.90519458609639,6.99498326699577,9.26378308928253,8.22779187423379,10.1799867249684,9.26998192351182
10.2303483901313,9.33324515483444,6.90063369699187,5.41066495867423,7.92210306998489,6.91551724046581,9.63638488060347,8.31282521432901,10.2054882401863,9.11298540023946
10.4405820214771,9.2810319431339,7.06056655759264,5.07331140665327,8.51315476031658,7.39417122127349,9.30467290857251,8.06121207780591,10.010776204401,9.05089353406451
10.173335918929,9.39442565304529,7.20160116303587,5.95618601695784,7.59604296428564,6.58450964062059,9.80916300487385,8.17991569027259,9.95868903705803,9.1809680807125
10.4446647964553,9.20964586640736,7.01692364163035,4.75171157861215,8.34558636190679,7.18823374238308,9.39831714105312,8.16795026615127,10.3981435512773,9.03229229632771
10.353863125936,9.47174022912372,6.77745257563193,5.39450933655086,7.71052768103891,6.635277056341,9.60334172558536,8.09882187756865,10.4883005333774,9.03429682173281
10.112462437253,9.68946863381655,7.03823524928664,5.41911404784633,8.20541888143725,7.49216738404057,9.38608859872481,8.08960978660301,10.0497096792116,9.03063076461435
10.3897292702356,9.61816515739939,7.12720830012944,5.29669748055858,7.70302529819582,7.1286706758666,9.6102252630714,8.10937306264609,9.88729995141496,9.37521003783787
10.0032719998332,9.47376993066255,6.82362052174161,5.56661698562079,8.15328942196768,7.12191104141063,9.35620425390899,8.21085089918217,10.0911164724614,9.14202743527532
10.2092675309114,9.25205845783309,6.93933228657547,5.62897967358929,7.8314901349067,7.15054527745416,9.62066261382703,8.26568206299181,9.90524716494239,9.15999148160982
9.91172959775087,9.53147306684788,7.29877725231865,6.07038133620461,7.86178646478487,7.30032822677387,9.34597810544325,8.20147957246396,9.90131209300914,8.84295566531388
10.1960706540034,9.29084532849731,7.05596495896326,5.86302253887226,8.14517589169494,7.03801837267419,9.58174248840457,8.1127407116694,9.88916565558079,9.14219162981976
10.5710654872758,9.29763820024888,6.58546264013039,5.79348170873939,7.60217999161032,6.69163926984334,9.80224644322556,8.35027395532117,10.0030761590747,9.11619229642266
9.82723216287573,9.38303106152469,7.30073590299935,5.42347863235405,8.25306935703498,7.23055748931333,9.42616179209226,8.1231313174325,10.1845557651195,9.15336578818576
10.4167020640903,9.73362453517933,6.79247413100293,5.10633161627281,7.96991811245288,7.20033476021929,9.39004208154916,8.04929346121006,10.4800328657761,8.93139701129898
10.4320742030109,9.59214269204732,6.65983046957763,5.3343096887144,8.07318176133997,6.910556341088,9.63610145880999,8.17278090704514,10.3061292292007,8.97927130091301
10.1943128090911,9.59979067693563,6.98180081337738,6.0340354803766,7.43552985340116,6.41548888623708,9.60346804829931,8.28418853730344,10.0425703127873,9.33454091237796
10.1704847133101,9.41273798376091,6.95103563186399,5.78529787520985,7.85360287565503,6.84274317051378,9.4621685642012,8.39791241271083,10.0937749014443,9.08933208794365
10.0192402769686,9.72986734061964,6.9583698616264,5.64560009350665,7.82149292549719,6.7601679111037,9.57960473034493,8.25705136406929,10.2147955850394,8.95895016378843
10.4287075089898,9.41893235314846,6.73457657500912,5.90388463083063,7.37304386691427,6.82300512894491,9.66092099987673,8.47718611275924,9.92572098925234,9.2206463987474
10.1683432770976,9.68167913480288,6.66376217471488,5.504187057566,7.59993028358422,6.88300177673037,9.60932463918812,8.26027565973637,10.3951174890154,9.01725247634137
10.4625642822009,9.17505002244659,7.04349836569283,5.43262401169059,8.07035781667225,7.22318338445753,9.47732259327093,8.2176339868865,10.0543158531087,9.03304558268663
10.5450201709834,9.60841719463012,6.76932087984851,5.29512195420679,7.75437373580762,6.71042974074801,9.53793300624865,8.18362235244445,10.3723581173851,9.06258982730319
10.3244320792933,9.7038998185112,7.083040382043,5.45207890439413,8.05387212620104,6.62001317539078,9.56565546564283,7.92375511979192,10.1193969538654,9.19994706299097
10.3005355847757,9.57048915280912,6.86944706076217,5.15991314627599,7.83984285668236,6.77897827043835,9.7034234923195,7.98703028269139,10.3576683895533,8.99387512101194
10.0359609843784,9.56133425966897,7.00942041815346,5.73377267783166,7.78086640382632,6.94786673591292,9.34842224364595,8.15734491316034,10.0268305955828,9.40012810012078
10.2458239701418,9.54665086348493,7.05952050529076,5.54760167784611,7.89498541913207,6.53929886755164,9.57761523971635,8.12024725134391,10.2659808121792,9.05064349710818
9.72277544105246,9.55124245121915,7.01957909946763,6.34927156245686,8.04965043669202,7.2800836711946,9.14865592077884,8.33631114053341,9.7929268331423,9.2223665933052
10.01691862466,9.58490128412311,7.24853222368781,6.15922934843106,7.88553630702734,6.97814358736166,9.4570389745321,8.12639986389013,10.0234379458856,8.82390448005415
10.3310414918632,9.41178978554517,7.02859305335536,5.56525524868254,7.82845480101934,6.97008622673488,9.60997378317924,8.15675351907931,10.0529931422527,9.09622442112799
10.329147368984,9.42650952473406,6.9107853007469,5.59907665487012,8.0043693332458,7.07315305581086,9.32946447389785,8.13191274862626,10.0281558458925,9.12391211946012
10.1291859429132,9.28273907894739,7.25703709882987,5.50490795764383,7.96569406896336,6.8971192916589,9.63518080581267,8.30419887184051,10.1954411485332,9.13050785407073
9.98794539887699,9.32453775155175,7.12288139615612,6.13519979182135,7.95040805942066,6.89244097331859,9.41683250772775,8.23782251349102,10.0868994464758,9.05085484516577
10.029126646188,9.42415903277527,7.07988099192198,5.70223763431846,7.94343171621835,6.7441367053706,9.65307823619618,8.22053918716064,10.2838769765641,8.92633702981044
10.4204452741999,9.51863266954882,6.83468852002344,5.09650884793696,7.869059713577,6.51444780486303,9.76113634822501,8.21205553843966,10.3283850277857,9.11497054932011
10.1873842992982,9.08827701710012,7.24004272153402,5.84506124589749,8.00513492606877,6.94710671848457,9.78032837521767,8.31244067254172,10.043826534414,8.995192214958
10.1690653094569,9.03488818891316,7.07544057283126,5.71185107691703,8.04644309585352,7.53251671726527,9.29382282679445,8.25493977311737,9.74766800370313,9.34339338398767
10.1152903934306,9.24374462097383,7.47020734434284,5.61144359929702,8.480213916715,7.32656058206487,9.24790454743265,8.14460829019851,10.04199582766,8.74489103164223
10.3676597962204,9.4027791507262,6.80860868557204,5.61465867378182,7.71461150795693,6.53457386448814,9.76293618852047,8.31357877988603,10.2904025631352,9.00440267716614
