ref,H_1280x720_bright_near,L_1280x720_bright_far,L_1280x720_bright_near,L_1920x1080_bright_far,L_1920x1080_bright_near,M_1280x720_bright_far,M_1280x720_bright_near,M_1920x1080_bright_far,M_1920x1080_bright_near
10.7424206048939,9.07289401259076,4.8878904629175,1.70451201009215,6.83784332764173,4.53024306754098,8.60873329911751,6.95172227415224,10.0888971913202,8.02611188148199
10.2803297826058,8.49226119537185,5.25207005593666,3.75254104524287,6.6251365771612,4.89383519889965,8.39701282190848,7.11682563185735,9.37546801796457,8.18301956438293
10.0795879207039,8.66346321222105,5.46116172996052,3.71305253969288,6.88814403113605,4.40737164790525,8.48789620085359,7.32207610359238,9.3866058235947,8.14264082264127
9.90049767417438,8.1722920544855,5.42191173285173,4.31644462721169,6.59937920749798,5.24643098122321,8.07809794872645,7.13722579266367,9.49069982068331,8.41835308213171
9.77754155865225,8.54057958112559,5.50374687524528,4.21320239053933,6.65823045120411,5.20959578733467,8.24533224065229,7.15103910549128,9.11632097548232,8.39057930254024
10.3565211026018,8.76614052959589,5.16474249252769,2.79140147839625,6.82259390084565,4.38094832111348,8.91502342466479,6.9659952783082,9.71708862915149,8.6540405247139
9.89364843643567,8.19968221996977,5.43759239640352,4.14449832108532,6.8901520552648,4.94391130241153,8.17063429905097,6.94197947748934,9.71944161901798,8.27635928026127
9.9046744417732,8.48468282685382,5.87701595170669,3.45340623745559,7.01030939549414,4.62882035592959,8.26156445195011,7.38002214527185,9.34438687611558,8.1596915014588
9.905074392786,8.0244949717799,5.84520151297634,3.95735130637142,7.12094094956097,5.01957839741381,8.35308728179513,7.00926848521774,9.56377201349468,8.0955370338261
10.5211761891036,8.20676121583491,5.06994692287966,3.49207366588972,6.62187405444097,4.78787839861864,8.47795974109401,7.18850677895171,9.49211701956763,7.87861809984017
10.2007828713789,8.24015028883587,5.03539208840461,4.17806716736174,6.71398451035154,4.95762876240068,8.41639430666701,7.12062337465663,9.51416250284898,7.88932161618039
10.1174013626102,8.42841824626232,5.81762380039404,3.32670009711524,7.0006891152603,4.02769903003632,8.29602399423039,7.46972090450782,9.72498195557653,8.02381413352038
11.0010764109444,8.64158611193656,4.91291932588731,2.82049931384396,6.4943866628925,4.6260610560877,8.55131973702973,6.71323350426178,10.2111932128653,7.84722974235221
10.6146067521606,8.48297928449518,5.43284004585224,2.58710229491415,6.99502171795256,4.93352388176172,8.45805424673002,6.90893934384485,9.84670235593784,8.30665635813618
9.76838570891538,8.12672064483815,5.51096678709977,3.68382371830301,6.93924753495253,4.43174976468369,8.56097738710428,7.37277068701827,9.52346972070926,8.51697267995087
10.3420762203818,8.66907595931074,5.03738924045109,3.49622337972549,6.91471518883452,4.44901976695516,8.43857111698437,6.94691488461627,9.90208246670964,7.8767680336574
10.361323504394,8.48627007333856,5.37364409783629,3.66910323314228,6.41072047965809,4.68155465248436,8.32796464591954,6.92061991996327,9.63121782153539,8.15291987829748
10.0769124047759,8.7743497647308,5.78307493850154,3.65048965657668,6.83864182929223,4.87404478723779,8.25539343919773,7.1339081819658,9.21890730164838,8.18347153999378
9.69791323376481,8.43322893329316,5.68190274538222,4.0302570507969,6.80577878619071,5.305952135703,8.29224134908587,7.07708883312484,9.44961196855366,8.37655371000139
9.94793406270765,8.48712316069506,5.49268967187461,3.5644647835208,6.80235969245276,5.1696126766326,8.40284223291836,7.06008448924489,9.75273270476603,8.13870269241507
10.0854712705132,8.05197131129295,4.87028470061881,4.08967778540856,6.9405908940598,5.08165345871689,8.20096940236677,7.30857114971103,9.42034744211147,8.09052398394654
10.1851940952966,8.55530612172531,5.72528231157584,3.52976041652294,7.14772119735841,4.92470331197271,8.38329372893712,7.10283468613307,9.37988171192808,7.79433797711526
10.1848788209539,8.50153922257045,5.43458873214791,3.19475488268057,7.28090487443102,5.24704571934743,8.45797903080558,6.83808540428152,9.4629276127245,8.25103038424026
10.1611502763674,8.58336937019193,5.26221226777081,2.97876392162093,6.86938329925557,4.55440090604264,8.65333144157911,7.05892812580915,9.79275703664187,8.2996769222809
10.5511213470259,8.91172991340163,5.70003541729093,1.22099360478607,7.32099506891424,2.71472627229156,8.8523679428839,7.50356965780719,10.4444918432352,8.49102655169286
10.312884809821,8.64547624066921,5.01630759605459,3.3110676609513,6.64600837165738,4.54181554042165,8.88108949361849,7.02223396033384,9.92196677404456,8.10153829494179
10.0447623055673,8.40368547496178,5.41689700367627,3.13477259297521,6.78731183852076,5.13904495197934,8.38291252558644,7.14079623000673,9.72201332524403,8.17147033812762
10.0369298292636,7.93683473985801,5.47369441240757,4.00521000112156,6.95502453054451,4.81642782672598,8.29041309519951,7.18417028280779,9.42105909973285,8.18328887656964
9.52969571731559,8.33041478679738,5.98182920083602,4.0656541335293,7.13812865545399,5.53279946569699,8.30221186193236,7.09138160460321,9.04655090590941,8.56260344530297
10.1918236652218,8.28674501066373,5.40464781989447,3.38019830811344,6.98513374683688,4.60937191204192,8.21336413658975,7.21189801329812,9.69178103423424,8.23691881851747
10.2408468110204,8.7405859995009,5.46050515365531,3.4539468070071,6.55439222212575,4.329425544978,8.49846080085671,7.07962767007099,9.65216018460332,8.09418656661485
10.9894979090909,9.18124507957196,5.01747701523511,2.63220165115686,6.40211479990207,3.48863280502026,8.45715023638427,6.87833715273523,10.2872549417607,8.32621622466251
10.1923149831409,8.67283986592125,5.69874533856835,3.8072347648208,6.41365972370955,4.99475716225787,8.5044490221669,6.88981187492603,9.33235672403129,8.55163672136151
9.90136203510773,8.33217203596865,5.59847444388075,4.07758433456384,6.81971217599814,4.70978773886109,8.18165312409227,7.20958758868724,9.5236161984642,8.02939840404572
9.9690004982429,8.64612081325202,6.03193776241712,3.79325078362259,6.82920500358067,4.78267220383422,8.3505212399488,7.11124952210284,9.37143847231515,8.13919604691333
10.6256966039007,8.57942559609856,5.41229366430042,2.81283263091892,6.64271074592953,4.80542011474409,8.36154470906581,6.8777599863457,10.0009551604122,8.16004566118093
9.68591561829912,8.60180462052083,5.67030587074214,3.9732179464718,6.81387726281034,5.15346965450292,8.36236698645092,7.20140540106422,9.06621626660762,8.28621237477366
10.8180290429339,8.86847060683489,5.08151271675539,1.82892329055392,6.51112368544972,4.56145930460448,8.49865303236438,6.9051448046116,10.4792195157038,8.12496503003503
9.84251847665019,8.31776113721181,5.63333246808452,3.89803864938702,7.01472825945694,4.97840848588733,8.56086850296081,7.41939414092922,9.15979955035183,8.15230015796116
10.4644665485626,8.91635117901992,5.64189621504279,1.31801170700262,7.31134899107096,4.31215859335539,8.9640390996523,7.02286741460297,10.1855277216961,8.04384394833448
10.0679359606813,8.57705704822665,5.80230218571881,3.41820027923274,6.59963272959669,4.13363968562414,8.5498435953554,7.276812944403,9.6582860381046,8.2688351925881
9.67837815248855,8.3584926374368,5.81519984322691,4.30821733310379,6.91327682323456,4.91038053773223,8.28302648538016,7.30584171425029,9.24158700899315,8.23915887860208
9.99499482221343,8.04656757910844,5.63669937937811,4.04772638103719,7.23660656891847,5.34565307688858,8.05916113262358,6.99708515289835,9.29526937165277,7.87328688210792
10.1086450732551,8.46937419911949,5.24084212209443,3.73152714152698,6.81360927366688,4.43469043018971,8.44935709439027,7.210421887212,9.75828549381863,8.22681001363461
9.81640265570683,8.55268179902239,5.69635085654645,3.89275745283241,6.74879173930719,5.03259086111009,8.40490243350191,6.99925537056751,9.2977320694979,8.44284648587598
10.2873779368297,8.45724989513679,5.30880567024398,3.35945388085967,6.74992905906109,5.12727474630987,8.20683282157435,6.92972928449603,9.64881107910493,7.83073436420918
10.4724955949422,8.49424958495596,5.29020779470376,3.81933005349664,6.58408716918535,4.74867159950267,8.49674993357854,6.98371349372959,9.60379821631724,8.07406447382305
9.90108226467972,8.18635155596298,5.74223043727111,4.03933375730683,7.21556650783276,4.60441778121883,8.14395694724394,7.38789064808602,9.30930337454338,8.26004101319641
9.86073542804135,8.32588154592923,5.59815013437287,3.95873092331502,6.83704049683246,4.47678089145811,8.44621836519223,7.21927893033091,9.92367211695268,8.26110839632488
10.2577429305661,8.57841437936401,5.2311832215154,3.04325610908529,6.65039367555343,4.96840054162928,8.54388152905054,6.83255527210083,9.93181278452204,8.13746721447528
