content_id,content,crf,resolution,bitrate,framerate,ref_path,test_path,is_reference,luminance_level,viewing_distance,jod,jod_low,jod_high
1,Bistro,H,1280x720,2.190347671508789,24,ref/Bistro.mp4,test/Bistro/Bistro_H_1280x720.mp4,False,bright,far,9.68896050937406,9.09318054863415,10.5447147908728
1,Bistro,H,1280x720,2.190347671508789,24,ref/Bistro.mp4,test/Bistro/Bistro_H_1280x720.mp4,False,bright,near,8.74234115351313,8.26442042864045,9.44364236001248
1,Bistro,L,1280x720,0.0422515869140625,24,ref/Bistro.mp4,test/Bistro/Bistro_L_1280x720.mp4,False,bright,far,5.38791317822475,4.49012224464828,5.87552588251149
1,Bistro,L,1280x720,0.0422515869140625,24,ref/Bistro.mp4,test/Bistro/Bistro_L_1280x720.mp4,False,bright,near,4.38600058855621,3.10893657541913,5.07264030034435
1,Bistro,L,1920x1080,0.0604734420776367,24,ref/Bistro.mp4,test/Bistro/Bistro_L_1920x1080.mp4,False,bright,far,6.30790171944783,5.88856226553951,6.61923696167258
1,Bistro,L,1920x1080,0.0604734420776367,24,ref/Bistro.mp4,test/Bistro/Bistro_L_1920x1080.mp4,False,bright,near,5.64436081699918,4.8397567671515,6.21203699017135
1,Bistro,M,1280x720,0.125284194946289,24,ref/Bistro.mp4,test/Bistro/Bistro_M_1280x720.mp4,False,bright,far,7.70766704298501,7.39375440418904,8.07666133121379
1,Bistro,M,1280x720,0.125284194946289,24,ref/Bistro.mp4,test/Bistro/Bistro_M_1280x720.mp4,False,bright,near,6.90352663320151,6.6568414961595,7.15665233469764
1,Bistro,M,1920x1080,0.1899862289428711,24,ref/Bistro.mp4,test/Bistro/Bistro_M_1920x1080.mp4,False,bright,far,8.56814167254749,8.23018292831393,9.14470976332285
1,Bistro,M,1920x1080,0.1899862289428711,24,ref/Bistro.mp4,test/Bistro/Bistro_M_1920x1080.mp4,False,bright,near,7.73453555607166,7.35786077022769,8.18810451720009
1,Bistro,H,1920x1080,10.370171546936035,24,ref/Bistro.mp4,test/Bistro/Bistro_H_1920x1080.mp4,True,bright,near,10.0,9.4773747183411,10.8346223593254
1,Bistro,H,1920x1080,10.370171546936035,24,ref/Bistro.mp4,test/Bistro/Bistro_H_1920x1080.mp4,True,bright,far,10.0,9.4773747183411,10.8346223593254
2,Bonfire,H,1280x720,15.157257080078123,60,ref/Bonfire.mp4,test/Bonfire/Bonfire_H_1280x720.mp4,False,bright,far,10.2350667781503,9.64963258955644,10.9473496012065
2,Bonfire,H,1280x720,15.157257080078123,60,ref/Bonfire.mp4,test/Bonfire/Bonfire_H_1280x720.mp4,False,bright,near,9.28192293346956,8.86636547521318,9.73532759646874
2,Bonfire,H,1920x1080,28.901567459106445,60,ref/Bonfire.mp4,test/Bonfire/Bonfire_H_1920x1080.mp4,False,bright,far,10.1122653934505,9.58923216786306,10.7504070635476
2,Bonfire,H,1920x1080,28.901567459106445,60,ref/Bonfire.mp4,test/Bonfire/Bonfire_H_1920x1080.mp4,False,bright,near,9.37507131743942,8.84063905167446,9.91811015623479
2,Bonfire,L,1280x720,0.6912736892700195,60,ref/Bonfire.mp4,test/Bonfire/Bonfire_L_1280x720.mp4,False,bright,far,4.97153836555516,4.07983021865429,5.71970832632027
2,Bonfire,L,1280x720,0.6912736892700195,60,ref/Bonfire.mp4,test/Bonfire/Bonfire_L_1280x720.mp4,False,bright,near,4.20513752902057,2.76171489005048,5.2147412389575
2,Bonfire,L,1920x1080,1.1378555297851562,60,ref/Bonfire.mp4,test/Bonfire/Bonfire_L_1920x1080.mp4,False,bright,far,6.37693838903313,5.87597250504383,6.71105413912902
2,Bonfire,L,1920x1080,1.1378555297851562,60,ref/Bonfire.mp4,test/Bonfire/Bonfire_L_1920x1080.mp4,False,bright,near,5.3147979620292,4.45813359568539,5.93128259574371
2,Bonfire,L,3840x2160,2.599733352661133,60,ref/Bonfire.mp4,test/Bonfire/Bonfire_L_3840x2160.mp4,False,bright,far,7.51525255316512,7.18335269515699,7.83257307169731
2,Bonfire,L,3840x2160,2.599733352661133,60,ref/Bonfire.mp4,test/Bonfire/Bonfire_L_3840x2160.mp4,False,bright,near,6.61679028713182,6.13023758449338,7.05542541349618
2,Bonfire,M,1280x720,2.819141387939453,60,ref/Bonfire.mp4,test/Bonfire/Bonfire_M_1280x720.mp4,False,bright,far,8.68417607728272,8.32597884341451,9.08911102697416
2,Bonfire,M,1280x720,2.819141387939453,60,ref/Bonfire.mp4,test/Bonfire/Bonfire_M_1280x720.mp4,False,bright,near,7.02270039522582,6.71401421991247,7.3335185657778
2,Bonfire,M,1920x1080,4.379911422729492,60,ref/Bonfire.mp4,test/Bonfire/Bonfire_M_1920x1080.mp4,False,bright,far,9.04020805640092,8.6580281493817,9.4568940521289
2,Bonfire,M,1920x1080,4.379911422729492,60,ref/Bonfire.mp4,test/Bonfire/Bonfire_M_1920x1080.mp4,False,bright,near,7.67714683659106,7.40739681576801,7.98312543163722
2,Bonfire,M,3840x2160,9.349231719970703,60,ref/Bonfire.mp4,test/Bonfire/Bonfire_M_3840x2160.mp4,False,bright,far,9.4269742901429,8.91286397690333,10.0387807851085
2,Bonfire,M,3840x2160,9.349231719970703,60,ref/Bonfire.mp4,test/Bonfire/Bonfire_M_3840x2160.mp4,False,bright,near,8.74276476997055,8.38279562358485,9.19799854585665
2,Bonfire,H,3840x2160,204.8412399291992,60,ref/Bonfire.mp4,test/Bonfire/Bonfire_H_3840x2160.mp4,True,bright,near,10.0,9.51318021306773,10.6362924991504
2,Bonfire,H,3840x2160,204.8412399291992,60,ref/Bonfire.mp4,test/Bonfire/Bonfire_H_3840x2160.mp4,True,bright,far,10.0,9.51318021306773,10.6362924991504
3,CourtYard,H,1280x720,6.666172981262207,30,ref/CourtYard.mp4,test/CourtYard/CourtYard_H_1280x720.mp4,False,bright,far,9.20592152393512,8.74422230977142,9.68998807424444
3,CourtYard,H,1280x720,6.666172981262207,30,ref/CourtYard.mp4,test/CourtYard/CourtYard_H_1280x720.mp4,False,bright,near,7.3970053597073,6.88976195132202,7.79213341024548
3,CourtYard,H,1920x1080,20.78985977172852,30,ref/CourtYard.mp4,test/CourtYard/CourtYard_H_1920x1080.mp4,False,bright,far,9.69694285444263,9.25707604904921,10.1851865892458
3,CourtYard,H,1920x1080,20.78985977172852,30,ref/CourtYard.mp4,test/CourtYard/CourtYard_H_1920x1080.mp4,False,bright,near,9.23092563184092,8.89431413142847,9.64755005664522
3,CourtYard,L,1280x720,0.1805353164672851,30,ref/CourtYard.mp4,test/CourtYard/CourtYard_L_1280x720.mp4,False,bright,far,7.18465133878602,6.62932027529697,7.71628068111315
3,CourtYard,L,1280x720,0.1805353164672851,30,ref/CourtYard.mp4,test/CourtYard/CourtYard_L_1280x720.mp4,False,bright,near,5.27560744483171,4.04566200343339,6.07898695346233
3,CourtYard,L,1920x1080,0.3549633026123047,30,ref/CourtYard.mp4,test/CourtYard/CourtYard_L_1920x1080.mp4,False,bright,far,8.54089606345357,8.12409234736957,8.90664081457378
3,CourtYard,L,1920x1080,0.3549633026123047,30,ref/CourtYard.mp4,test/CourtYard/CourtYard_L_1920x1080.mp4,False,bright,near,7.47100842460655,7.02118565932432,7.82053984592559
3,CourtYard,L,3840x2160,1.0506935119628906,30,ref/CourtYard.mp4,test/CourtYard/CourtYard_L_3840x2160.mp4,False,bright,far,9.4002193435222,8.96523068787791,9.86247491996974
3,CourtYard,L,3840x2160,1.0506935119628906,30,ref/CourtYard.mp4,test/CourtYard/CourtYard_L_3840x2160.mp4,False,bright,near,8.48262052270328,8.2211929463945,8.80014766030004
3,CourtYard,M,1280x720,0.7427530288696289,30,ref/CourtYard.mp4,test/CourtYard/CourtYard_M_1280x720.mp4,False,bright,far,8.84200734991673,8.51825357724229,9.23780767637223
3,CourtYard,M,1280x720,0.7427530288696289,30,ref/CourtYard.mp4,test/CourtYard/CourtYard_M_1280x720.mp4,False,bright,near,6.66501787357999,6.14749837428683,7.10491936627372
3,CourtYard,M,1920x1080,1.665480613708496,30,ref/CourtYard.mp4,test/CourtYard/CourtYard_M_1920x1080.mp4,False,bright,far,9.6648265305468,9.42249556209146,10.0065305068675
3,CourtYard,M,1920x1080,1.665480613708496,30,ref/CourtYard.mp4,test/CourtYard/CourtYard_M_1920x1080.mp4,False,bright,near,8.61534635129548,8.34231008587298,8.91540149184719
3,CourtYard,M,3840x2160,5.844294548034668,30,ref/CourtYard.mp4,test/CourtYard/CourtYard_M_3840x2160.mp4,False,bright,far,9.39763374577964,9.00584857050197,9.85962289391441
3,CourtYard,M,3840x2160,5.844294548034668,30,ref/CourtYard.mp4,test/CourtYard/CourtYard_M_3840x2160.mp4,False,bright,near,9.46694143066709,9.0452524587302,9.94308793376834
3,CourtYard,H,3840x2160,132.93224239349365,30,ref/CourtYard.mp4,test/CourtYard/CourtYard_H_3840x2160.mp4,True,bright,near,10.0,9.68854188454741,10.4371731415185
3,CourtYard,H,3840x2160,132.93224239349365,30,ref/CourtYard.mp4,test/CourtYard/CourtYard_H_3840x2160.mp4,True,bright,far,10.0,9.68854188454741,10.4371731415185
4,FishingCloseshot,H,1280x720,11.575383186340332,25,ref/FishingCloseshot.mp4,test/FishingCloseshot/FishingCloseshot_H_1280x720.mp4,False,bright,far,10.1078347347784,9.31100778585166,11.32291930227
4,FishingCloseshot,H,1280x720,11.575383186340332,25,ref/FishingCloseshot.mp4,test/FishingCloseshot/FishingCloseshot_H_1280x720.mp4,False,bright,near,8.46203146168355,8.08889939767142,9.02524333427969
4,FishingCloseshot,L,1280x720,0.0531549453735351,25,ref/FishingCloseshot.mp4,test/FishingCloseshot/FishingCloseshot_L_1280x720.mp4,False,bright,far,4.08963141461017,3.02630377041181,4.68695574492229
4,FishingCloseshot,L,1280x720,0.0531549453735351,25,ref/FishingCloseshot.mp4,test/FishingCloseshot/FishingCloseshot_L_1280x720.mp4,False,bright,near,3.30261569673992,1.33290798334165,4.43349455380159
4,FishingCloseshot,L,1920x1080,0.0916461944580078,25,ref/FishingCloseshot.mp4,test/FishingCloseshot/FishingCloseshot_L_1920x1080.mp4,False,bright,far,5.32926626435131,4.58942380215552,5.67264076164165
4,FishingCloseshot,L,1920x1080,0.0916461944580078,25,ref/FishingCloseshot.mp4,test/FishingCloseshot/FishingCloseshot_L_1920x1080.mp4,False,bright,near,3.55783068758749,2.13212508698887,4.40411085410518
4,FishingCloseshot,M,1280x720,0.7444639205932617,25,ref/FishingCloseshot.mp4,test/FishingCloseshot/FishingCloseshot_M_1280x720.mp4,False,bright,far,8.14618483853053,7.72522294558502,8.90462113378342
4,FishingCloseshot,M,1280x720,0.7444639205932617,25,ref/FishingCloseshot.mp4,test/FishingCloseshot/FishingCloseshot_M_1280x720.mp4,False,bright,near,6.51672264662299,6.22304658370927,6.84876587249249
4,FishingCloseshot,M,1920x1080,1.3116559982299805,25,ref/FishingCloseshot.mp4,test/FishingCloseshot/FishingCloseshot_M_1920x1080.mp4,False,bright,far,8.53656656011668,7.83383568164264,9.69792680806356
4,FishingCloseshot,M,1920x1080,1.3116559982299805,25,ref/FishingCloseshot.mp4,test/FishingCloseshot/FishingCloseshot_M_1920x1080.mp4,False,bright,near,7.00985141339454,6.59532667834992,7.42297770249058
4,FishingCloseshot,H,1920x1080,25.186501502990723,25,ref/FishingCloseshot.mp4,test/FishingCloseshot/FishingCloseshot_H_1920x1080.mp4,True,bright,near,10.0,9.26914073648262,11.2242474160825
4,FishingCloseshot,H,1920x1080,25.186501502990723,25,ref/FishingCloseshot.mp4,test/FishingCloseshot/FishingCloseshot_H_1920x1080.mp4,True,bright,far,10.0,9.26914073648262,11.2242474160825
5,GearsOfWar4,H,1280x720,17.05481719970703,30,ref/GearsOfWar4.mp4,test/GearsOfWar4/GearsOfWar4_H_1280x720.mp4,False,bright,far,9.78631200173567,9.43683842553736,10.2310216032608
5,GearsOfWar4,H,1280x720,17.05481719970703,30,ref/GearsOfWar4.mp4,test/GearsOfWar4/GearsOfWar4_H_1280x720.mp4,False,bright,near,8.2082295000986,7.77991194251213,8.55818945861766
5,GearsOfWar4,H,1920x1080,33.00517272949219,30,ref/GearsOfWar4.mp4,test/GearsOfWar4/GearsOfWar4_H_1920x1080.mp4,False,bright,far,10.2433501225129,9.94378139343588,10.6875599849271
5,GearsOfWar4,H,1920x1080,33.00517272949219,30,ref/GearsOfWar4.mp4,test/GearsOfWar4/GearsOfWar4_H_1920x1080.mp4,False,bright,near,9.4202150308496,9.14084838621043,9.77062259745109
5,GearsOfWar4,L,1280x720,0.821904182434082,30,ref/GearsOfWar4.mp4,test/GearsOfWar4/GearsOfWar4_L_1280x720.mp4,False,bright,far,7.65487927729947,7.1723186462513,8.00648981314021
5,GearsOfWar4,L,1280x720,0.821904182434082,30,ref/GearsOfWar4.mp4,test/GearsOfWar4/GearsOfWar4_L_1280x720.mp4,False,bright,near,5.7764510775703,4.83777915988068,6.18767680171066
5,GearsOfWar4,L,1920x1080,1.535283088684082,30,ref/GearsOfWar4.mp4,test/GearsOfWar4/GearsOfWar4_L_1920x1080.mp4,False,bright,far,9.06743770373096,8.6881423581971,9.39524306501165
5,GearsOfWar4,L,1920x1080,1.535283088684082,30,ref/GearsOfWar4.mp4,test/GearsOfWar4/GearsOfWar4_L_1920x1080.mp4,False,bright,near,7.80859736367875,7.26984051855953,8.27348658679407
5,GearsOfWar4,L,3840x2160,4.117351531982422,30,ref/GearsOfWar4.mp4,test/GearsOfWar4/GearsOfWar4_L_3840x2160.mp4,False,bright,far,9.98778751193989,9.62043101389472,10.4457387606317
5,GearsOfWar4,L,3840x2160,4.117351531982422,30,ref/GearsOfWar4.mp4,test/GearsOfWar4/GearsOfWar4_L_3840x2160.mp4,False,bright,near,8.93202670236928,8.53999848789932,9.29078932212207
5,GearsOfWar4,M,1280x720,3.0426816940307617,30,ref/GearsOfWar4.mp4,test/GearsOfWar4/GearsOfWar4_M_1280x720.mp4,False,bright,far,8.76464212288263,8.3085070273038,9.15894725546747
5,GearsOfWar4,M,1280x720,3.0426816940307617,30,ref/GearsOfWar4.mp4,test/GearsOfWar4/GearsOfWar4_M_1280x720.mp4,False,bright,near,7.89435976982048,7.32250138798881,8.34744381932208
5,GearsOfWar4,M,1920x1080,5.636177062988281,30,ref/GearsOfWar4.mp4,test/GearsOfWar4/GearsOfWar4_M_1920x1080.mp4,False,bright,far,9.91009880591296,9.50744069387063,10.4463134122982
5,GearsOfWar4,M,1920x1080,5.636177062988281,30,ref/GearsOfWar4.mp4,test/GearsOfWar4/GearsOfWar4_M_1920x1080.mp4,False,bright,near,9.09433494998523,8.71941685562519,9.47538417168218
5,GearsOfWar4,M,3840x2160,15.951780319213867,30,ref/GearsOfWar4.mp4,test/GearsOfWar4/GearsOfWar4_M_3840x2160.mp4,False,bright,far,10.164904591697,9.85885037084136,10.6850676290343
5,GearsOfWar4,M,3840x2160,15.951780319213867,30,ref/GearsOfWar4.mp4,test/GearsOfWar4/GearsOfWar4_M_3840x2160.mp4,False,bright,near,9.72831344247239,9.36745669864411,10.2407642384554
5,GearsOfWar4,H,3840x2160,122.35807037353516,30,ref/GearsOfWar4.mp4,test/GearsOfWar4/GearsOfWar4_H_3840x2160.mp4,True,bright,near,10.0,9.70008280599258,10.4022429825638
5,GearsOfWar4,H,3840x2160,122.35807037353516,30,ref/GearsOfWar4.mp4,test/GearsOfWar4/GearsOfWar4_H_3840x2160.mp4,True,bright,far,10.0,9.70008280599258,10.4022429825638
6,NightStreet,H,1280x720,4.993009567260742,24,ref/NightStreet.mp4,test/NightStreet/NightStreet_H_1280x720.mp4,False,bright,far,9.32683532738766,8.81923998991259,9.87043800437027
6,NightStreet,H,1280x720,4.993009567260742,24,ref/NightStreet.mp4,test/NightStreet/NightStreet_H_1280x720.mp4,False,bright,near,7.7020493567238,7.08828735891296,8.21434611631287
6,NightStreet,H,1920x1080,12.7006196975708,24,ref/NightStreet.mp4,test/NightStreet/NightStreet_H_1920x1080.mp4,False,bright,far,9.86752413744252,9.39061026488175,10.4995606032652
6,NightStreet,H,1920x1080,12.7006196975708,24,ref/NightStreet.mp4,test/NightStreet/NightStreet_H_1920x1080.mp4,False,bright,near,9.22932187740755,8.89047460701934,9.65743563368006
6,NightStreet,L,1280x720,0.1771440505981445,24,ref/NightStreet.mp4,test/NightStreet/NightStreet_L_1280x720.mp4,False,bright,far,6.66115206019971,5.92350847775788,7.22302681471561
6,NightStreet,L,1280x720,0.1771440505981445,24,ref/NightStreet.mp4,test/NightStreet/NightStreet_L_1280x720.mp4,False,bright,near,4.32527409860907,3.33494932114413,4.90077073224853
6,NightStreet,L,1920x1080,0.3830499649047851,24,ref/NightStreet.mp4,test/NightStreet/NightStreet_L_1920x1080.mp4,False,bright,far,7.82748740835656,7.49585797461234,8.14975196551913
6,NightStreet,L,1920x1080,0.3830499649047851,24,ref/NightStreet.mp4,test/NightStreet/NightStreet_L_1920x1080.mp4,False,bright,near,6.82093804264074,6.25636022362459,7.29802156117752
6,NightStreet,L,3840x2160,1.333059310913086,24,ref/NightStreet.mp4,test/NightStreet/NightStreet_L_3840x2160.mp4,False,bright,far,8.84852680474525,8.3931030559671,9.30262231687027
6,NightStreet,L,3840x2160,1.333059310913086,24,ref/NightStreet.mp4,test/NightStreet/NightStreet_L_3840x2160.mp4,False,bright,near,7.88019633180254,7.44923876304981,8.32623653520068
6,NightStreet,M,1280x720,0.6151399612426758,24,ref/NightStreet.mp4,test/NightStreet/NightStreet_M_1280x720.mp4,False,bright,far,8.10737331317463,7.79735760852172,8.45223091510686
6,NightStreet,M,1280x720,0.6151399612426758,24,ref/NightStreet.mp4,test/NightStreet/NightStreet_M_1280x720.mp4,False,bright,near,6.58016357881671,5.87986790940976,7.02955964824841
6,NightStreet,M,1920x1080,1.4035711288452148,24,ref/NightStreet.mp4,test/NightStreet/NightStreet_M_1920x1080.mp4,False,bright,far,9.06632164279341,8.75467251950356,9.47756967094612
6,NightStreet,M,1920x1080,1.4035711288452148,24,ref/NightStreet.mp4,test/NightStreet/NightStreet_M_1920x1080.mp4,False,bright,near,8.30153802158894,7.954860622748,8.66330021672692
6,NightStreet,M,3840x2160,5.0738677978515625,24,ref/NightStreet.mp4,test/NightStreet/NightStreet_M_3840x2160.mp4,False,bright,far,9.69821952038726,9.20308082821039,10.3071312341807
6,NightStreet,M,3840x2160,5.0738677978515625,24,ref/NightStreet.mp4,test/NightStreet/NightStreet_M_3840x2160.mp4,False,bright,near,9.16015972829926,8.83351159774272,9.55173621948501
6,NightStreet,H,3840x2160,58.9429931640625,24,ref/NightStreet.mp4,test/NightStreet/NightStreet_H_3840x2160.mp4,True,bright,near,10.0,9.60956375462343,10.5577441063229
6,NightStreet,H,3840x2160,58.9429931640625,24,ref/NightStreet.mp4,test/NightStreet/NightStreet_H_3840x2160.mp4,True,bright,far,10.0,9.60956375462343,10.5577441063229
7,PUBG_p2,H,1280x720,17.43197727203369,30,ref/PUBG_p2.mp4,test/PUBG_p2/PUBG_p2_H_1280x720.mp4,False,bright,far,9.29642739647337,8.76093229097242,9.87406009518986
7,PUBG_p2,H,1280x720,17.43197727203369,30,ref/PUBG_p2.mp4,test/PUBG_p2/PUBG_p2_H_1280x720.mp4,False,bright,near,7.95461040266336,7.65671202398447,8.29951495874741
7,PUBG_p2,H,1920x1080,40.04859447479248,30,ref/PUBG_p2.mp4,test/PUBG_p2/PUBG_p2_H_1920x1080.mp4,False,bright,far,9.74339366609719,9.19068748341988,10.4654626823378
7,PUBG_p2,H,1920x1080,40.04859447479248,30,ref/PUBG_p2.mp4,test/PUBG_p2/PUBG_p2_H_1920x1080.mp4,False,bright,near,9.46171875123746,9.22330719306633,9.90573786474629
7,PUBG_p2,L,1280x720,0.3220272064208984,30,ref/PUBG_p2.mp4,test/PUBG_p2/PUBG_p2_L_1280x720.mp4,False,bright,far,4.99029703634797,4.14140653476506,5.55166481073488
7,PUBG_p2,L,1280x720,0.3220272064208984,30,ref/PUBG_p2.mp4,test/PUBG_p2/PUBG_p2_L_1280x720.mp4,False,bright,near,3.21046926384758,2.31929230424004,3.89963826042761
7,PUBG_p2,L,1920x1080,0.6364860534667969,30,ref/PUBG_p2.mp4,test/PUBG_p2/PUBG_p2_L_1920x1080.mp4,False,bright,far,6.08711978430511,5.54949052766526,6.44515292684967
7,PUBG_p2,L,1920x1080,0.6364860534667969,30,ref/PUBG_p2.mp4,test/PUBG_p2/PUBG_p2_L_1920x1080.mp4,False,bright,near,5.68263254428739,5.03119563426296,6.13027089026961
7,PUBG_p2,L,3840x2160,2.03840446472168,30,ref/PUBG_p2.mp4,test/PUBG_p2/PUBG_p2_L_3840x2160.mp4,False,bright,far,7.94685514808329,7.55370460113953,8.33683255726372
7,PUBG_p2,L,3840x2160,2.03840446472168,30,ref/PUBG_p2.mp4,test/PUBG_p2/PUBG_p2_L_3840x2160.mp4,False,bright,near,6.79259631298232,6.25114648647063,7.19688046858411
7,PUBG_p2,M,1280x720,2.2701282501220703,30,ref/PUBG_p2.mp4,test/PUBG_p2/PUBG_p2_M_1280x720.mp4,False,bright,far,7.93332575015938,7.64079821154018,8.2495649966205
7,PUBG_p2,M,1280x720,2.2701282501220703,30,ref/PUBG_p2.mp4,test/PUBG_p2/PUBG_p2_M_1280x720.mp4,False,bright,near,7.26337817196797,6.71863596032999,7.70360935469799
7,PUBG_p2,M,1920x1080,4.763725280761719,30,ref/PUBG_p2.mp4,test/PUBG_p2/PUBG_p2_M_1920x1080.mp4,False,bright,far,8.96679567458875,8.59845616784624,9.42149045704299
7,PUBG_p2,M,1920x1080,4.763725280761719,30,ref/PUBG_p2.mp4,test/PUBG_p2/PUBG_p2_M_1920x1080.mp4,False,bright,near,7.91519339022674,7.60388597509047,8.19583494750278
7,PUBG_p2,M,3840x2160,19.49670886993408,30,ref/PUBG_p2.mp4,test/PUBG_p2/PUBG_p2_M_3840x2160.mp4,False,bright,far,9.76149115423669,9.35526045668634,10.370817640542
7,PUBG_p2,M,3840x2160,19.49670886993408,30,ref/PUBG_p2.mp4,test/PUBG_p2/PUBG_p2_M_3840x2160.mp4,False,bright,near,9.34025280489517,8.94466119747267,9.78374149316371
7,PUBG_p2,H,3840x2160,170.2221221923828,30,ref/PUBG_p2.mp4,test/PUBG_p2/PUBG_p2_H_3840x2160.mp4,True,bright,near,10.0,9.50749161501476,10.5833592287407
7,PUBG_p2,H,3840x2160,170.2221221923828,30,ref/PUBG_p2.mp4,test/PUBG_p2/PUBG_p2_H_3840x2160.mp4,True,bright,far,10.0,9.50749161501476,10.5833592287407
8,PorscheCloseUp,H,1280x720,3.537351608276367,60,ref/PorscheCloseUp.mp4,test/PorscheCloseUp/PorscheCloseUp_H_1280x720.mp4,False,bright,far,9.53381311088904,9.15869229211732,9.97524711163536
8,PorscheCloseUp,H,1280x720,3.537351608276367,60,ref/PorscheCloseUp.mp4,test/PorscheCloseUp/PorscheCloseUp_H_1280x720.mp4,False,bright,near,7.76258353452964,7.31184312765547,8.11863978668746
8,PorscheCloseUp,H,1920x1080,7.872106552124023,60,ref/PorscheCloseUp.mp4,test/PorscheCloseUp/PorscheCloseUp_H_1920x1080.mp4,False,bright,far,10.3860404335328,9.92560999223252,10.960685186044
8,PorscheCloseUp,H,1920x1080,7.872106552124023,60,ref/PorscheCloseUp.mp4,test/PorscheCloseUp/PorscheCloseUp_H_1920x1080.mp4,False,bright,near,9.68785605595193,9.33365148113483,10.1006118063695
8,PorscheCloseUp,L,1280x720,0.0779047012329101,60,ref/PorscheCloseUp.mp4,test/PorscheCloseUp/PorscheCloseUp_L_1280x720.mp4,False,bright,far,7.89549152815875,7.41505084634257,8.24305359783321
8,PorscheCloseUp,L,1280x720,0.0779047012329101,60,ref/PorscheCloseUp.mp4,test/PorscheCloseUp/PorscheCloseUp_L_1280x720.mp4,False,bright,near,6.83586883456516,5.76343648710561,7.41134076981843
8,PorscheCloseUp,L,1920x1080,0.1300764083862304,60,ref/PorscheCloseUp.mp4,test/PorscheCloseUp/PorscheCloseUp_L_1920x1080.mp4,False,bright,far,9.39996732891293,9.00087997148781,9.84419458635698
8,PorscheCloseUp,L,1920x1080,0.1300764083862304,60,ref/PorscheCloseUp.mp4,test/PorscheCloseUp/PorscheCloseUp_L_1920x1080.mp4,False,bright,near,7.7500332876949,7.24207013884357,8.18606088848504
8,PorscheCloseUp,L,3840x2160,0.3110713958740234,60,ref/PorscheCloseUp.mp4,test/PorscheCloseUp/PorscheCloseUp_L_3840x2160.mp4,False,bright,far,9.81215563492306,9.51500085928978,10.2516236958885
8,PorscheCloseUp,L,3840x2160,0.3110713958740234,60,ref/PorscheCloseUp.mp4,test/PorscheCloseUp/PorscheCloseUp_L_3840x2160.mp4,False,bright,near,8.927129633872,8.47466594645369,9.30568662690869
8,PorscheCloseUp,M,1280x720,0.1951026916503906,60,ref/PorscheCloseUp.mp4,test/PorscheCloseUp/PorscheCloseUp_M_1280x720.mp4,False,bright,far,9.16265009724167,8.75282452494376,9.5418145084957
8,PorscheCloseUp,M,1280x720,0.1951026916503906,60,ref/PorscheCloseUp.mp4,test/PorscheCloseUp/PorscheCloseUp_M_1280x720.mp4,False,bright,near,7.46847828443636,6.78182892508686,7.98922020627558
8,PorscheCloseUp,M,1920x1080,0.3394660949707031,60,ref/PorscheCloseUp.mp4,test/PorscheCloseUp/PorscheCloseUp_M_1920x1080.mp4,False,bright,far,9.95370627475,9.56919654761819,10.4760757102071
8,PorscheCloseUp,M,1920x1080,0.3394660949707031,60,ref/PorscheCloseUp.mp4,test/PorscheCloseUp/PorscheCloseUp_M_1920x1080.mp4,False,bright,near,8.59710875377958,8.20626838031739,8.9052820019013
8,PorscheCloseUp,M,3840x2160,0.8458175659179688,60,ref/PorscheCloseUp.mp4,test/PorscheCloseUp/PorscheCloseUp_M_3840x2160.mp4,False,bright,far,10.305011549459,9.86823715940112,10.8580541493588
8,PorscheCloseUp,M,3840x2160,0.8458175659179688,60,ref/PorscheCloseUp.mp4,test/PorscheCloseUp/PorscheCloseUp_M_3840x2160.mp4,False,bright,near,9.70772390915587,9.27457439978691,10.1821677455005
8,PorscheCloseUp,H,3840x2160,50.17091941833496,60,ref/PorscheCloseUp.mp4,test/PorscheCloseUp/PorscheCloseUp_H_3840x2160.mp4,True,bright,near,10.0,9.67228107550729,10.4067946870907
8,PorscheCloseUp,H,3840x2160,50.17091941833496,60,ref/PorscheCloseUp.mp4,test/PorscheCloseUp/PorscheCloseUp_H_3840x2160.mp4,True,bright,far,10.0,9.67228107550729,10.4067946870907
9,RocketLeague,H,1280x720,10.67750644683838,30,ref/RocketLeague.mp4,test/RocketLeague/RocketLeague_H_1280x720.mp4,False,bright,far,9.10064289333453,8.73528491044971,9.58617114831944
9,RocketLeague,H,1280x720,10.67750644683838,30,ref/RocketLeague.mp4,test/RocketLeague/RocketLeague_H_1280x720.mp4,False,bright,near,7.63621864398132,7.14709530162866,8.08764563567556
9,RocketLeague,H,1920x1080,22.16514205932617,30,ref/RocketLeague.mp4,test/RocketLeague/RocketLeague_H_1920x1080.mp4,False,bright,far,9.73582389487371,9.28990917297879,10.3727158586194
9,RocketLeague,H,1920x1080,22.16514205932617,30,ref/RocketLeague.mp4,test/RocketLeague/RocketLeague_H_1920x1080.mp4,False,bright,near,9.33615891855939,8.9302766816619,9.88081538903263
9,RocketLeague,L,1280x720,0.1928701400756836,30,ref/RocketLeague.mp4,test/RocketLeague/RocketLeague_L_1280x720.mp4,False,bright,far,6.10518251317414,5.36422505762313,6.54861910335841
9,RocketLeague,L,1280x720,0.1928701400756836,30,ref/RocketLeague.mp4,test/RocketLeague/RocketLeague_L_1280x720.mp4,False,bright,near,4.5531355526381,3.50013803685352,5.16738760166758
9,RocketLeague,L,1920x1080,0.3327598571777344,30,ref/RocketLeague.mp4,test/RocketLeague/RocketLeague_L_1920x1080.mp4,False,bright,far,7.49790238307595,7.07630442144655,7.93285585991484
9,RocketLeague,L,1920x1080,0.3327598571777344,30,ref/RocketLeague.mp4,test/RocketLeague/RocketLeague_L_1920x1080.mp4,False,bright,near,6.32420387267944,5.69603761890486,6.73049511573431
9,RocketLeague,L,3840x2160,0.9068012237548828,30,ref/RocketLeague.mp4,test/RocketLeague/RocketLeague_L_3840x2160.mp4,False,bright,far,8.43467420297563,8.07005533902341,8.81381428311387
9,RocketLeague,L,3840x2160,0.9068012237548828,30,ref/RocketLeague.mp4,test/RocketLeague/RocketLeague_L_3840x2160.mp4,False,bright,near,7.70383379522992,7.36036125406921,7.97661814971224
9,RocketLeague,M,1280x720,0.6864233016967773,30,ref/RocketLeague.mp4,test/RocketLeague/RocketLeague_M_1280x720.mp4,False,bright,far,8.20527939526249,7.86224054942866,8.58697486042777
9,RocketLeague,M,1280x720,0.6864233016967773,30,ref/RocketLeague.mp4,test/RocketLeague/RocketLeague_M_1280x720.mp4,False,bright,near,6.63452310879626,6.0681581426926,6.99959876335331
9,RocketLeague,M,1920x1080,1.283893585205078,30,ref/RocketLeague.mp4,test/RocketLeague/RocketLeague_M_1920x1080.mp4,False,bright,far,9.29409763785413,8.98220291528633,9.68503648923351
9,RocketLeague,M,1920x1080,1.283893585205078,30,ref/RocketLeague.mp4,test/RocketLeague/RocketLeague_M_1920x1080.mp4,False,bright,near,8.40280158745598,8.11224441765969,8.7127731716242
9,RocketLeague,M,3840x2160,3.75938892364502,30,ref/RocketLeague.mp4,test/RocketLeague/RocketLeague_M_3840x2160.mp4,False,bright,far,9.75005444694343,9.28395360709124,10.3484539445476
9,RocketLeague,M,3840x2160,3.75938892364502,30,ref/RocketLeague.mp4,test/RocketLeague/RocketLeague_M_3840x2160.mp4,False,bright,near,9.33280982098189,8.94906547034724,9.82555123686937
9,RocketLeague,H,3840x2160,88.50019931793213,30,ref/RocketLeague.mp4,test/RocketLeague/RocketLeague_H_3840x2160.mp4,True,bright,near,10.0,9.60278991874146,10.5047684520375
9,RocketLeague,H,3840x2160,88.50019931793213,30,ref/RocketLeague.mp4,test/RocketLeague/RocketLeague_H_3840x2160.mp4,True,bright,far,10.0,9.60278991874146,10.5047684520375
10,RushPixar,H,1280x720,12.851252555847168,30,ref/RushPixar.mp4,test/RushPixar/RushPixar_H_1280x720.mp4,False,bright,far,10.148442465389,9.68362698850937,10.7255667268199
10,RushPixar,H,1280x720,12.851252555847168,30,ref/RushPixar.mp4,test/RushPixar/RushPixar_H_1280x720.mp4,False,bright,near,8.90949786052124,8.45631574935478,9.32883663016563
10,RushPixar,H,1920x1080,23.658814430236816,30,ref/RushPixar.mp4,test/RushPixar/RushPixar_H_1920x1080.mp4,False,bright,far,9.96258338671093,9.59378756804062,10.3929596627377
10,RushPixar,H,1920x1080,23.658814430236816,30,ref/RushPixar.mp4,test/RushPixar/RushPixar_H_1920x1080.mp4,False,bright,near,9.61815214458784,9.28810697020863,10.0766159957412
10,RushPixar,L,1280x720,0.4603481292724609,30,ref/RushPixar.mp4,test/RushPixar/RushPixar_L_1280x720.mp4,False,bright,far,6.81825737229086,6.15862225357776,7.25182166951478
10,RushPixar,L,1280x720,0.4603481292724609,30,ref/RushPixar.mp4,test/RushPixar/RushPixar_L_1280x720.mp4,False,bright,near,5.13562456019565,4.41366911935615,5.53399093768779
10,RushPixar,L,1920x1080,0.808624267578125,30,ref/RushPixar.mp4,test/RushPixar/RushPixar_L_1920x1080.mp4,False,bright,far,7.94280900234888,7.58857240674161,8.29177204511264
10,RushPixar,L,1920x1080,0.808624267578125,30,ref/RushPixar.mp4,test/RushPixar/RushPixar_L_1920x1080.mp4,False,bright,near,6.94320886151605,6.51123638244475,7.21258949035146
10,RushPixar,L,3840x2160,2.1468420028686523,30,ref/RushPixar.mp4,test/RushPixar/RushPixar_L_3840x2160.mp4,False,bright,far,9.07918472730106,8.77157029299217,9.46650568372671
10,RushPixar,L,3840x2160,2.1468420028686523,30,ref/RushPixar.mp4,test/RushPixar/RushPixar_L_3840x2160.mp4,False,bright,near,7.89873348106124,7.47834523384802,8.26743522591376
10,RushPixar,M,1280x720,1.6702251434326172,30,ref/RushPixar.mp4,test/RushPixar/RushPixar_M_1280x720.mp4,False,bright,far,8.92256462032489,8.64505206442563,9.2671994502363
10,RushPixar,M,1280x720,1.6702251434326172,30,ref/RushPixar.mp4,test/RushPixar/RushPixar_M_1280x720.mp4,False,bright,near,7.5604718836572,7.15565170287594,7.93321065238196
10,RushPixar,M,1920x1080,3.043731689453125,30,ref/RushPixar.mp4,test/RushPixar/RushPixar_M_1920x1080.mp4,False,bright,far,9.62350267315203,9.33160129346593,10.0306273970057
10,RushPixar,M,1920x1080,3.043731689453125,30,ref/RushPixar.mp4,test/RushPixar/RushPixar_M_1920x1080.mp4,False,bright,near,8.42471303456659,7.96071950002797,8.87073936077585
10,RushPixar,M,3840x2160,8.460220336914062,30,ref/RushPixar.mp4,test/RushPixar/RushPixar_M_3840x2160.mp4,False,bright,far,9.89269066763258,9.54134283274798,10.3481794208846
10,RushPixar,M,3840x2160,8.460220336914062,30,ref/RushPixar.mp4,test/RushPixar/RushPixar_M_3840x2160.mp4,False,bright,near,9.33495346391177,8.936149127524,9.70392501807273
10,RushPixar,H,3840x2160,71.80244827270508,30,ref/RushPixar.mp4,test/RushPixar/RushPixar_H_3840x2160.mp4,True,bright,near,10.0,9.63137082447602,10.439750654354
10,RushPixar,H,3840x2160,71.80244827270508,30,ref/RushPixar.mp4,test/RushPixar/RushPixar_H_3840x2160.mp4,True,bright,far,10.0,9.63137082447602,10.439750654354
11,ShadowOfTheTombRaider,H,1280x720,5.562313079833984,30,ref/ShadowOfTheTombRaider.mp4,test/ShadowOfTheTombRaider/ShadowOfTheTombRaider_H_1280x720.mp4,False,bright,far,10.0208390379548,9.6080220497388,10.7423794551863
11,ShadowOfTheTombRaider,H,1280x720,5.562313079833984,30,ref/ShadowOfTheTombRaider.mp4,test/ShadowOfTheTombRaider/ShadowOfTheTombRaider_H_1280x720.mp4,False,bright,near,8.82504116509362,8.44631704734292,9.25694298817481
11,ShadowOfTheTombRaider,H,1920x1080,9.560937881469728,30,ref/ShadowOfTheTombRaider.mp4,test/ShadowOfTheTombRaider/ShadowOfTheTombRaider_H_1920x1080.mp4,False,bright,far,10.0326987451437,9.66929518543331,10.5782056956765
11,ShadowOfTheTombRaider,H,1920x1080,9.560937881469728,30,ref/ShadowOfTheTombRaider.mp4,test/ShadowOfTheTombRaider/ShadowOfTheTombRaider_H_1920x1080.mp4,False,bright,near,9.94114781185888,9.46635485679369,10.5200373269628
11,ShadowOfTheTombRaider,L,1280x720,0.2217864990234375,30,ref/ShadowOfTheTombRaider.mp4,test/ShadowOfTheTombRaider/ShadowOfTheTombRaider_L_1280x720.mp4,False,bright,far,6.44349324976203,5.62416467767229,7.00434778186773
11,ShadowOfTheTombRaider,L,1280x720,0.2217864990234375,30,ref/ShadowOfTheTombRaider.mp4,test/ShadowOfTheTombRaider/ShadowOfTheTombRaider_L_1280x720.mp4,False,bright,near,4.65107190672761,2.94712075886306,5.38388838674304
11,ShadowOfTheTombRaider,L,1920x1080,0.4046878814697265,30,ref/ShadowOfTheTombRaider.mp4,test/ShadowOfTheTombRaider/ShadowOfTheTombRaider_L_1920x1080.mp4,False,bright,far,7.57712436105978,7.00040476793512,8.10262915396813
11,ShadowOfTheTombRaider,L,1920x1080,0.4046878814697265,30,ref/ShadowOfTheTombRaider.mp4,test/ShadowOfTheTombRaider/ShadowOfTheTombRaider_L_1920x1080.mp4,False,bright,near,5.60836975287788,4.90546448227451,6.00381131750199
11,ShadowOfTheTombRaider,L,3840x2160,1.0834808349609375,30,ref/ShadowOfTheTombRaider.mp4,test/ShadowOfTheTombRaider/ShadowOfTheTombRaider_L_3840x2160.mp4,False,bright,far,9.34551143676003,9.01019714138679,9.77795085600564
11,ShadowOfTheTombRaider,L,3840x2160,1.0834808349609375,30,ref/ShadowOfTheTombRaider.mp4,test/ShadowOfTheTombRaider/ShadowOfTheTombRaider_L_3840x2160.mp4,False,bright,near,7.86129992027517,7.554913605495,8.18112530389675
11,ShadowOfTheTombRaider,M,1280x720,0.6822071075439453,30,ref/ShadowOfTheTombRaider.mp4,test/ShadowOfTheTombRaider/ShadowOfTheTombRaider_M_1280x720.mp4,False,bright,far,8.64070584222641,8.26723009632391,9.01618525164827
11,ShadowOfTheTombRaider,M,1280x720,0.6822071075439453,30,ref/ShadowOfTheTombRaider.mp4,test/ShadowOfTheTombRaider/ShadowOfTheTombRaider_M_1280x720.mp4,False,bright,near,7.0245118358338,6.52312244617112,7.4051882566754
11,ShadowOfTheTombRaider,M,1920x1080,1.2165641784667969,30,ref/ShadowOfTheTombRaider.mp4,test/ShadowOfTheTombRaider/ShadowOfTheTombRaider_M_1920x1080.mp4,False,bright,far,9.60272814766113,9.2767748636161,10.0139199382052
11,ShadowOfTheTombRaider,M,1920x1080,1.2165641784667969,30,ref/ShadowOfTheTombRaider.mp4,test/ShadowOfTheTombRaider/ShadowOfTheTombRaider_M_1920x1080.mp4,False,bright,near,7.86022644055831,7.4833833714472,8.23493334690393
11,ShadowOfTheTombRaider,M,3840x2160,2.938709259033203,30,ref/ShadowOfTheTombRaider.mp4,test/ShadowOfTheTombRaider/ShadowOfTheTombRaider_M_3840x2160.mp4,False,bright,far,9.96470740311601,9.52554044510321,10.642910663008
11,ShadowOfTheTombRaider,M,3840x2160,2.938709259033203,30,ref/ShadowOfTheTombRaider.mp4,test/ShadowOfTheTombRaider/ShadowOfTheTombRaider_M_3840x2160.mp4,False,bright,near,9.04854837216635,8.67440007215224,9.42912859868435
11,ShadowOfTheTombRaider,H,3840x2160,22.9559383392334,30,ref/ShadowOfTheTombRaider.mp4,test/ShadowOfTheTombRaider/ShadowOfTheTombRaider_H_3840x2160.mp4,True,bright,near,10.0,9.66129371230404,10.4698273321643
11,ShadowOfTheTombRaider,H,3840x2160,22.9559383392334,30,ref/ShadowOfTheTombRaider.mp4,test/ShadowOfTheTombRaider/ShadowOfTheTombRaider_H_3840x2160.mp4,True,bright,far,10.0,9.66129371230404,10.4698273321643
12,Showgirl01,H,1280x720,10.251477241516112,25,ref/Showgirl01.mp4,test/Showgirl01/Showgirl01_H_1280x720.mp4,False,bright,far,10.0448147123969,9.61670687380912,10.6420976302669
12,Showgirl01,H,1280x720,10.251477241516112,25,ref/Showgirl01.mp4,test/Showgirl01/Showgirl01_H_1280x720.mp4,False,bright,near,8.92544390704651,8.48335487984785,9.3706321963816
12,Showgirl01,L,1280x720,0.2138404846191406,25,ref/Showgirl01.mp4,test/Showgirl01/Showgirl01_L_1280x720.mp4,False,bright,far,7.3864714356428,6.86214148573342,7.70591715696033
12,Showgirl01,L,1280x720,0.2138404846191406,25,ref/Showgirl01.mp4,test/Showgirl01/Showgirl01_L_1280x720.mp4,False,bright,near,6.21772517413901,5.37919892015792,6.61935616659752
12,Showgirl01,L,1920x1080,0.3267412185668945,25,ref/Showgirl01.mp4,test/Showgirl01/Showgirl01_L_1920x1080.mp4,False,bright,far,8.46123994889468,7.99799972217484,8.93812056124116
12,Showgirl01,L,1920x1080,0.3267412185668945,25,ref/Showgirl01.mp4,test/Showgirl01/Showgirl01_L_1920x1080.mp4,False,bright,near,7.3061666242016,6.64990863964027,7.79246777793355
12,Showgirl01,M,1280x720,0.9726085662841796,25,ref/Showgirl01.mp4,test/Showgirl01/Showgirl01_M_1280x720.mp4,False,bright,far,9.18295178948655,8.78229523898845,9.7493733989061
12,Showgirl01,M,1280x720,0.9726085662841796,25,ref/Showgirl01.mp4,test/Showgirl01/Showgirl01_M_1280x720.mp4,False,bright,near,8.18940639802611,7.74373782972084,8.56969341762755
12,Showgirl01,M,1920x1080,1.5840673446655271,25,ref/Showgirl01.mp4,test/Showgirl01/Showgirl01_M_1920x1080.mp4,False,bright,far,9.7189601212082,9.41062921590188,10.1399252048178
12,Showgirl01,M,1920x1080,1.5840673446655271,25,ref/Showgirl01.mp4,test/Showgirl01/Showgirl01_M_1920x1080.mp4,False,bright,near,9.16072866430103,8.78713278885037,9.49235867971695
12,Showgirl01,H,1920x1080,38.09008979797363,25,ref/Showgirl01.mp4,test/Showgirl01/Showgirl01_H_1920x1080.mp4,True,bright,near,10.0,9.65022649037252,10.545562239586
12,Showgirl01,H,1920x1080,38.09008979797363,25,ref/Showgirl01.mp4,test/Showgirl01/Showgirl01_H_1920x1080.mp4,True,bright,far,10.0,9.65022649037252,10.545562239586
13,SmithHammering,H,1280x720,9.583670616149902,25,ref/SmithHammering.mp4,test/SmithHammering/SmithHammering_H_1280x720.mp4,False,bright,far,10.1113382919495,9.43897189933808,11.1282973697278
13,SmithHammering,H,1280x720,9.583670616149902,25,ref/SmithHammering.mp4,test/SmithHammering/SmithHammering_H_1280x720.mp4,False,bright,near,8.39855000605558,7.96115702925712,8.96339988961874
13,SmithHammering,L,1280x720,0.1653118133544922,25,ref/SmithHammering.mp4,test/SmithHammering/SmithHammering_L_1280x720.mp4,False,bright,far,5.55831062143848,4.82404382705264,6.10052208401081
13,SmithHammering,L,1280x720,0.1653118133544922,25,ref/SmithHammering.mp4,test/SmithHammering/SmithHammering_L_1280x720.mp4,False,bright,near,3.79279324062382,2.14332644772134,4.55960351091874
13,SmithHammering,L,1920x1080,0.2668924331665039,25,ref/SmithHammering.mp4,test/SmithHammering/SmithHammering_L_1920x1080.mp4,False,bright,far,6.79681370985106,6.26171440973987,7.19882139656827
13,SmithHammering,L,1920x1080,0.2668924331665039,25,ref/SmithHammering.mp4,test/SmithHammering/SmithHammering_L_1920x1080.mp4,False,bright,near,4.94235162814698,4.12531386895535,5.47479112401068
13,SmithHammering,M,1280x720,0.6532125473022461,25,ref/SmithHammering.mp4,test/SmithHammering/SmithHammering_M_1280x720.mp4,False,bright,far,8.31136736225796,7.94501868300881,8.90340166574217
13,SmithHammering,M,1280x720,0.6532125473022461,25,ref/SmithHammering.mp4,test/SmithHammering/SmithHammering_M_1280x720.mp4,False,bright,near,7.10545608391762,6.7592975420978,7.40949908090536
13,SmithHammering,M,1920x1080,1.0215120315551758,25,ref/SmithHammering.mp4,test/SmithHammering/SmithHammering_M_1920x1080.mp4,False,bright,far,9.42098997605337,8.99027589065807,10.1089333567878
13,SmithHammering,M,1920x1080,1.0215120315551758,25,ref/SmithHammering.mp4,test/SmithHammering/SmithHammering_M_1920x1080.mp4,False,bright,near,8.16321457619052,7.79835677986071,8.54125136547784
13,SmithHammering,H,1920x1080,44.80654144287109,25,ref/SmithHammering.mp4,test/SmithHammering/SmithHammering_H_1920x1080.mp4,True,bright,near,10.0,9.48750455027274,10.8420587363663
13,SmithHammering,H,1920x1080,44.80654144287109,25,ref/SmithHammering.mp4,test/SmithHammering/SmithHammering_H_1920x1080.mp4,True,bright,far,10.0,9.48750455027274,10.8420587363663
14,SolLevante_p1,H,1280x720,26.9251651763916,24,ref/SolLevante_p1.mp4,test/SolLevante_p1/SolLevante_p1_H_1280x720.mp4,False,bright,far,10.0414621236544,9.6669190676776,10.593367046918
14,SolLevante_p1,H,1280x720,26.9251651763916,24,ref/SolLevante_p1.mp4,test/SolLevante_p1/SolLevante_p1_H_1280x720.mp4,False,bright,near,8.94289359436927,8.60500030266959,9.38139700676994
14,SolLevante_p1,H,1920x1080,47.001336097717285,24,ref/SolLevante_p1.mp4,test/SolLevante_p1/SolLevante_p1_H_1920x1080.mp4,False,bright,far,10.4601959220713,10.0212059986615,11.0114414101416
14,SolLevante_p1,H,1920x1080,47.001336097717285,24,ref/SolLevante_p1.mp4,test/SolLevante_p1/SolLevante_p1_H_1920x1080.mp4,False,bright,near,9.32809491431883,9.01547186653959,9.77799587241715
14,SolLevante_p1,L,1280x720,0.7121944427490234,24,ref/SolLevante_p1.mp4,test/SolLevante_p1/SolLevante_p1_L_1280x720.mp4,False,bright,far,6.75025138765787,6.18711490490337,7.15062684208425
14,SolLevante_p1,L,1280x720,0.7121944427490234,24,ref/SolLevante_p1.mp4,test/SolLevante_p1/SolLevante_p1_L_1280x720.mp4,False,bright,near,5.4948204394224,4.66097595136856,5.83721310140861
14,SolLevante_p1,L,1920x1080,1.3741722106933594,24,ref/SolLevante_p1.mp4,test/SolLevante_p1/SolLevante_p1_L_1920x1080.mp4,False,bright,far,7.72822301634635,7.172317868241,8.1597155966323
14,SolLevante_p1,L,1920x1080,1.3741722106933594,24,ref/SolLevante_p1.mp4,test/SolLevante_p1/SolLevante_p1_L_1920x1080.mp4,False,bright,near,6.16548203988033,5.43217859822924,6.50144365625307
14,SolLevante_p1,L,3840x2160,4.005304336547852,24,ref/SolLevante_p1.mp4,test/SolLevante_p1/SolLevante_p1_L_3840x2160.mp4,False,bright,far,8.96141713276316,8.65060748532042,9.3557969580374
14,SolLevante_p1,L,3840x2160,4.005304336547852,24,ref/SolLevante_p1.mp4,test/SolLevante_p1/SolLevante_p1_L_3840x2160.mp4,False,bright,near,8.09543798048459,7.63744736755799,8.55867563122731
14,SolLevante_p1,M,1280x720,3.987493515014648,24,ref/SolLevante_p1.mp4,test/SolLevante_p1/SolLevante_p1_M_1280x720.mp4,False,bright,far,9.24768185453834,8.9176823027512,9.60827881043046
14,SolLevante_p1,M,1280x720,3.987493515014648,24,ref/SolLevante_p1.mp4,test/SolLevante_p1/SolLevante_p1_M_1280x720.mp4,False,bright,near,7.84512936123655,7.38938360168634,8.22392670647385
14,SolLevante_p1,M,1920x1080,6.965436935424805,24,ref/SolLevante_p1.mp4,test/SolLevante_p1/SolLevante_p1_M_1920x1080.mp4,False,bright,far,9.76142536773986,9.36484556139103,10.2081480763669
14,SolLevante_p1,M,1920x1080,6.965436935424805,24,ref/SolLevante_p1.mp4,test/SolLevante_p1/SolLevante_p1_M_1920x1080.mp4,False,bright,near,8.56661859725315,8.28142432059472,8.86724450293078
14,SolLevante_p1,M,3840x2160,16.478382110595703,24,ref/SolLevante_p1.mp4,test/SolLevante_p1/SolLevante_p1_M_3840x2160.mp4,False,bright,far,9.73021251983624,9.31977271477711,10.1736291362848
14,SolLevante_p1,M,3840x2160,16.478382110595703,24,ref/SolLevante_p1.mp4,test/SolLevante_p1/SolLevante_p1_M_3840x2160.mp4,False,bright,near,9.23600331150285,8.93823919482152,9.68666228250164
14,SolLevante_p1,H,3840x2160,101.9728546142578,24,ref/SolLevante_p1.mp4,test/SolLevante_p1/SolLevante_p1_H_3840x2160.mp4,True,bright,near,10.0,9.70975676986708,10.435513078435
14,SolLevante_p1,H,3840x2160,101.9728546142578,24,ref/SolLevante_p1.mp4,test/SolLevante_p1/SolLevante_p1_H_3840x2160.mp4,True,bright,far,10.0,9.70975676986708,10.435513078435
15,SolLevante_p2,H,1280x720,16.949886322021484,24,ref/SolLevante_p2.mp4,test/SolLevante_p2/SolLevante_p2_H_1280x720.mp4,False,bright,far,8.71508907506308,8.18056195380379,9.46172366910729
15,SolLevante_p2,H,1280x720,16.949886322021484,24,ref/SolLevante_p2.mp4,test/SolLevante_p2/SolLevante_p2_H_1280x720.mp4,False,bright,near,7.20796528445452,6.83145455110336,7.61813567791385
15,SolLevante_p2,H,1920x1080,37.57007122039795,24,ref/SolLevante_p2.mp4,test/SolLevante_p2/SolLevante_p2_H_1920x1080.mp4,False,bright,far,9.36016665671108,8.85217178450178,10.0895738895036
15,SolLevante_p2,H,1920x1080,37.57007122039795,24,ref/SolLevante_p2.mp4,test/SolLevante_p2/SolLevante_p2_H_1920x1080.mp4,False,bright,near,8.54062662553797,8.25225609517477,8.96722497364569
15,SolLevante_p2,L,1280x720,0.3590841293334961,24,ref/SolLevante_p2.mp4,test/SolLevante_p2/SolLevante_p2_L_1280x720.mp4,False,bright,far,4.83814946671114,3.83392825248944,5.49756418613904
15,SolLevante_p2,L,1280x720,0.3590841293334961,24,ref/SolLevante_p2.mp4,test/SolLevante_p2/SolLevante_p2_L_1280x720.mp4,False,bright,near,3.51650602685795,1.76886620703858,4.53573656572606
15,SolLevante_p2,L,1920x1080,0.9930992126464844,24,ref/SolLevante_p2.mp4,test/SolLevante_p2/SolLevante_p2_L_1920x1080.mp4,False,bright,far,5.7335095289443,5.12491477069544,6.19766559281832
15,SolLevante_p2,L,1920x1080,0.9930992126464844,24,ref/SolLevante_p2.mp4,test/SolLevante_p2/SolLevante_p2_L_1920x1080.mp4,False,bright,near,5.14546720799145,4.41141736433111,5.83456801736165
15,SolLevante_p2,L,3840x2160,4.06626033782959,24,ref/SolLevante_p2.mp4,test/SolLevante_p2/SolLevante_p2_L_3840x2160.mp4,False,bright,far,7.8381003137114,7.49221231069357,8.28710828322222
15,SolLevante_p2,L,3840x2160,4.06626033782959,24,ref/SolLevante_p2.mp4,test/SolLevante_p2/SolLevante_p2_L_3840x2160.mp4,False,bright,near,6.66570880494853,6.23083910222288,7.02672049687791
15,SolLevante_p2,M,1280x720,1.784749984741211,24,ref/SolLevante_p2.mp4,test/SolLevante_p2/SolLevante_p2_M_1280x720.mp4,False,bright,far,6.60876985821144,6.23649806997465,6.97018675973766
15,SolLevante_p2,M,1280x720,1.784749984741211,24,ref/SolLevante_p2.mp4,test/SolLevante_p2/SolLevante_p2_M_1280x720.mp4,False,bright,near,5.74197639707856,5.08754077805275,6.20763958213392
15,SolLevante_p2,M,1920x1080,4.38653564453125,24,ref/SolLevante_p2.mp4,test/SolLevante_p2/SolLevante_p2_M_1920x1080.mp4,False,bright,far,8.21865108916276,7.78145633126155,8.77477639886294
15,SolLevante_p2,M,1920x1080,4.38653564453125,24,ref/SolLevante_p2.mp4,test/SolLevante_p2/SolLevante_p2_M_1920x1080.mp4,False,bright,near,6.89211642844908,6.55036290629606,7.24381425688358
15,SolLevante_p2,M,3840x2160,15.761601448059082,24,ref/SolLevante_p2.mp4,test/SolLevante_p2/SolLevante_p2_M_3840x2160.mp4,False,bright,far,9.37735868706748,8.89849033632945,9.99377095639518
15,SolLevante_p2,M,3840x2160,15.761601448059082,24,ref/SolLevante_p2.mp4,test/SolLevante_p2/SolLevante_p2_M_3840x2160.mp4,False,bright,near,8.70613324538146,8.26710150998789,9.28827530591256
15,SolLevante_p2,H,3840x2160,107.20640659332275,24,ref/SolLevante_p2.mp4,test/SolLevante_p2/SolLevante_p2_H_3840x2160.mp4,True,bright,near,10.0,9.1017812167775,11.1517177362905
15,SolLevante_p2,H,3840x2160,107.20640659332275,24,ref/SolLevante_p2.mp4,test/SolLevante_p2/SolLevante_p2_H_3840x2160.mp4,True,bright,far,10.0,9.1017812167775,11.1517177362905
16,TrafficLight,H,1280x720,1.8605661392211916,24,ref/TrafficLight.mp4,test/TrafficLight/TrafficLight_H_1280x720.mp4,False,bright,far,10.2115887017213,9.93140043698828,10.6585360968041
16,TrafficLight,H,1280x720,1.8605661392211916,24,ref/TrafficLight.mp4,test/TrafficLight/TrafficLight_H_1280x720.mp4,False,bright,near,8.98270200920722,8.59349861177595,9.34775557806958
16,TrafficLight,H,1920x1080,5.502879142761231,24,ref/TrafficLight.mp4,test/TrafficLight/TrafficLight_H_1920x1080.mp4,False,bright,far,10.5782010859939,10.2453836093828,11.0555519355835
16,TrafficLight,H,1920x1080,5.502879142761231,24,ref/TrafficLight.mp4,test/TrafficLight/TrafficLight_H_1920x1080.mp4,False,bright,near,10.0015060178472,9.72592950960995,10.3616074842728
16,TrafficLight,L,1280x720,0.0607709884643554,24,ref/TrafficLight.mp4,test/TrafficLight/TrafficLight_L_1280x720.mp4,False,bright,far,8.27488650511501,7.83416434838618,8.5580131998951
16,TrafficLight,L,1280x720,0.0607709884643554,24,ref/TrafficLight.mp4,test/TrafficLight/TrafficLight_L_1280x720.mp4,False,bright,near,6.69664330308605,5.8401665111664,7.13225231509064
16,TrafficLight,L,1920x1080,0.1156520843505859,24,ref/TrafficLight.mp4,test/TrafficLight/TrafficLight_L_1920x1080.mp4,False,bright,far,9.10756489517062,8.77928169486643,9.44834907134932
16,TrafficLight,L,1920x1080,0.1156520843505859,24,ref/TrafficLight.mp4,test/TrafficLight/TrafficLight_L_1920x1080.mp4,False,bright,near,8.14907572814286,7.75289575223423,8.50620995196346
16,TrafficLight,L,3840x2160,0.3090772628784179,24,ref/TrafficLight.mp4,test/TrafficLight/TrafficLight_L_3840x2160.mp4,False,bright,far,9.70356899927153,9.40017177725604,10.091943822281
16,TrafficLight,L,3840x2160,0.3090772628784179,24,ref/TrafficLight.mp4,test/TrafficLight/TrafficLight_L_3840x2160.mp4,False,bright,near,9.25834309962462,8.9293693036619,9.57798079917691
16,TrafficLight,M,1280x720,0.1281471252441406,24,ref/TrafficLight.mp4,test/TrafficLight/TrafficLight_M_1280x720.mp4,False,bright,far,9.53116759618067,9.18807081690727,9.85021043060494
16,TrafficLight,M,1280x720,0.1281471252441406,24,ref/TrafficLight.mp4,test/TrafficLight/TrafficLight_M_1280x720.mp4,False,bright,near,8.16356519753345,7.66055821833398,8.49853862894201
16,TrafficLight,M,1920x1080,0.2605152130126953,24,ref/TrafficLight.mp4,test/TrafficLight/TrafficLight_M_1920x1080.mp4,False,bright,far,9.87503361685885,9.51108388287741,10.2802810995577
16,TrafficLight,M,1920x1080,0.2605152130126953,24,ref/TrafficLight.mp4,test/TrafficLight/TrafficLight_M_1920x1080.mp4,False,bright,near,8.93800469327832,8.58981279231409,9.25136810998313
16,TrafficLight,M,3840x2160,0.7076091766357422,24,ref/TrafficLight.mp4,test/TrafficLight/TrafficLight_M_3840x2160.mp4,False,bright,far,10.1936447014379,9.96113032401284,10.5715875237276
16,TrafficLight,M,3840x2160,0.7076091766357422,24,ref/TrafficLight.mp4,test/TrafficLight/TrafficLight_M_3840x2160.mp4,False,bright,near,9.45789686945064,9.02369246609581,9.96194584354826
16,TrafficLight,H,3840x2160,33.762603759765625,24,ref/TrafficLight.mp4,test/TrafficLight/TrafficLight_H_3840x2160.mp4,True,bright,near,10.0,9.7437781739635,10.3312992697119
16,TrafficLight,H,3840x2160,33.762603759765625,24,ref/TrafficLight.mp4,test/TrafficLight/TrafficLight_H_3840x2160.mp4,True,bright,far,10.0,9.7437781739635,10.3312992697119
1,Bistro,H,1280x720,2.190347671508789,24,ref/Bistro.mp4,test/Bistro/Bistro_H_1280x720.mp4,False,dim,far,9.80561187749238,9.22642033594666,10.5286880931785
1,Bistro,H,1280x720,2.190347671508789,24,ref/Bistro.mp4,test/Bistro/Bistro_H_1280x720.mp4,False,dim,near,9.2640324833319,8.82971390298501,9.82432316416562
1,Bistro,L,1280x720,0.0422515869140625,24,ref/Bistro.mp4,test/Bistro/Bistro_L_1280x720.mp4,False,dim,far,6.1272452906703,5.46558530848091,6.65318121589302
1,Bistro,L,1280x720,0.0422515869140625,24,ref/Bistro.mp4,test/Bistro/Bistro_L_1280x720.mp4,False,dim,near,4.92469007126231,4.05061827923053,5.55406855976477
1,Bistro,L,1920x1080,0.0604734420776367,24,ref/Bistro.mp4,test/Bistro/Bistro_L_1920x1080.mp4,False,dim,far,7.0072359811594,6.67060924142208,7.28526861871209
1,Bistro,L,1920x1080,0.0604734420776367,24,ref/Bistro.mp4,test/Bistro/Bistro_L_1920x1080.mp4,False,dim,near,6.09537982069482,5.39695660803024,6.66655864513023
1,Bistro,M,1280x720,0.125284194946289,24,ref/Bistro.mp4,test/Bistro/Bistro_M_1280x720.mp4,False,dim,far,8.14715236550687,7.81210256128584,8.47755244777981
1,Bistro,M,1280x720,0.125284194946289,24,ref/Bistro.mp4,test/Bistro/Bistro_M_1280x720.mp4,False,dim,near,7.10648420334161,6.71912354563369,7.44328119142824
1,Bistro,M,1920x1080,0.1899862289428711,24,ref/Bistro.mp4,test/Bistro/Bistro_M_1920x1080.mp4,False,dim,far,8.83662652048819,8.46182616540417,9.28576267204687
1,Bistro,M,1920x1080,0.1899862289428711,24,ref/Bistro.mp4,test/Bistro/Bistro_M_1920x1080.mp4,False,dim,near,8.22333583315393,7.81072201066206,8.62270541527018
1,Bistro,H,1920x1080,10.370171546936035,24,ref/Bistro.mp4,test/Bistro/Bistro_H_1920x1080.mp4,True,dim,near,10.0,9.48657890685567,10.8031273720804
1,Bistro,H,1920x1080,10.370171546936035,24,ref/Bistro.mp4,test/Bistro/Bistro_H_1920x1080.mp4,True,dim,far,10.0,9.48657890685567,10.8031273720804
2,Bonfire,H,1280x720,15.157257080078123,60,ref/Bonfire.mp4,test/Bonfire/Bonfire_H_1280x720.mp4,False,dim,far,10.6804033682586,10.1374792840112,11.2483001392214
2,Bonfire,H,1280x720,15.157257080078123,60,ref/Bonfire.mp4,test/Bonfire/Bonfire_H_1280x720.mp4,False,dim,near,9.55941465163505,9.12500196521573,10.0483801506128
2,Bonfire,H,1920x1080,28.901567459106445,60,ref/Bonfire.mp4,test/Bonfire/Bonfire_H_1920x1080.mp4,False,dim,far,10.2991741327277,9.91567899979105,10.8165403590048
2,Bonfire,H,1920x1080,28.901567459106445,60,ref/Bonfire.mp4,test/Bonfire/Bonfire_H_1920x1080.mp4,False,dim,near,9.86556241668306,9.53711359780057,10.2972406656626
2,Bonfire,L,1280x720,0.6912736892700195,60,ref/Bonfire.mp4,test/Bonfire/Bonfire_L_1280x720.mp4,False,dim,far,4.87803422211608,4.13267116229047,5.47243981918164
2,Bonfire,L,1280x720,0.6912736892700195,60,ref/Bonfire.mp4,test/Bonfire/Bonfire_L_1280x720.mp4,False,dim,near,4.18917873486499,3.06349890454515,4.97228920857362
2,Bonfire,L,1920x1080,1.1378555297851562,60,ref/Bonfire.mp4,test/Bonfire/Bonfire_L_1920x1080.mp4,False,dim,far,6.5264603491796,5.76024767171505,7.09660813417225
2,Bonfire,L,1920x1080,1.1378555297851562,60,ref/Bonfire.mp4,test/Bonfire/Bonfire_L_1920x1080.mp4,False,dim,near,4.40929261571888,3.58813232665894,5.06508255942825
2,Bonfire,L,3840x2160,2.599733352661133,60,ref/Bonfire.mp4,test/Bonfire/Bonfire_L_3840x2160.mp4,False,dim,far,7.69828425199225,7.38847302046447,7.99693589504154
2,Bonfire,L,3840x2160,2.599733352661133,60,ref/Bonfire.mp4,test/Bonfire/Bonfire_L_3840x2160.mp4,False,dim,near,6.37400802173669,6.01253191887418,6.67978735059586
2,Bonfire,M,1280x720,2.819141387939453,60,ref/Bonfire.mp4,test/Bonfire/Bonfire_M_1280x720.mp4,False,dim,far,8.84063597684405,8.42517780355127,9.29493834153503
2,Bonfire,M,1280x720,2.819141387939453,60,ref/Bonfire.mp4,test/Bonfire/Bonfire_M_1280x720.mp4,False,dim,near,7.39978177189938,7.06836898511778,7.73591176590977
2,Bonfire,M,1920x1080,4.379911422729492,60,ref/Bonfire.mp4,test/Bonfire/Bonfire_M_1920x1080.mp4,False,dim,far,9.48237782983035,9.16045944185853,9.78737356252329
2,Bonfire,M,1920x1080,4.379911422729492,60,ref/Bonfire.mp4,test/Bonfire/Bonfire_M_1920x1080.mp4,False,dim,near,8.13086614249354,7.83933070071506,8.47256398107993
2,Bonfire,M,3840x2160,9.349231719970703,60,ref/Bonfire.mp4,test/Bonfire/Bonfire_M_3840x2160.mp4,False,dim,far,10.1406838528568,9.63390121769095,10.7252826539773
2,Bonfire,M,3840x2160,9.349231719970703,60,ref/Bonfire.mp4,test/Bonfire/Bonfire_M_3840x2160.mp4,False,dim,near,9.07593954345463,8.82030931443904,9.36926005591105
2,Bonfire,H,3840x2160,204.8412399291992,60,ref/Bonfire.mp4,test/Bonfire/Bonfire_H_3840x2160.mp4,True,dim,near,10.0,9.62308002271127,10.4624581144546
2,Bonfire,H,3840x2160,204.8412399291992,60,ref/Bonfire.mp4,test/Bonfire/Bonfire_H_3840x2160.mp4,True,dim,far,10.0,9.62308002271127,10.4624581144546
3,CourtYard,H,1280x720,6.666172981262207,30,ref/CourtYard.mp4,test/CourtYard/CourtYard_H_1280x720.mp4,False,dim,far,9.27265101111114,8.94082016113916,9.59689523745611
3,CourtYard,H,1280x720,6.666172981262207,30,ref/CourtYard.mp4,test/CourtYard/CourtYard_H_1280x720.mp4,False,dim,near,7.56561951099891,7.00940046173956,8.0269177208679
3,CourtYard,H,1920x1080,20.78985977172852,30,ref/CourtYard.mp4,test/CourtYard/CourtYard_H_1920x1080.mp4,False,dim,far,9.91209271847386,9.56827482353943,10.3714716209591
3,CourtYard,H,1920x1080,20.78985977172852,30,ref/CourtYard.mp4,test/CourtYard/CourtYard_H_1920x1080.mp4,False,dim,near,9.72417884671294,9.39025638084014,10.1405005270841
3,CourtYard,L,1280x720,0.1805353164672851,30,ref/CourtYard.mp4,test/CourtYard/CourtYard_L_1280x720.mp4,False,dim,far,8.07076257304622,7.56633780811959,8.46986853992592
3,CourtYard,L,1280x720,0.1805353164672851,30,ref/CourtYard.mp4,test/CourtYard/CourtYard_L_1280x720.mp4,False,dim,near,6.09593439211372,5.00187661220886,6.58539033532767
3,CourtYard,L,1920x1080,0.3549633026123047,30,ref/CourtYard.mp4,test/CourtYard/CourtYard_L_1920x1080.mp4,False,dim,far,9.05609950605966,8.73966798521082,9.37775957614775
3,CourtYard,L,1920x1080,0.3549633026123047,30,ref/CourtYard.mp4,test/CourtYard/CourtYard_L_1920x1080.mp4,False,dim,near,8.5784863269313,8.15677811939423,8.92590848468796
3,CourtYard,L,3840x2160,1.0506935119628906,30,ref/CourtYard.mp4,test/CourtYard/CourtYard_L_3840x2160.mp4,False,dim,far,9.79438590608679,9.44485701043421,10.2758233336664
3,CourtYard,L,3840x2160,1.0506935119628906,30,ref/CourtYard.mp4,test/CourtYard/CourtYard_L_3840x2160.mp4,False,dim,near,9.53806968443765,9.19160248114144,9.96202320771449
3,CourtYard,M,1280x720,0.7427530288696289,30,ref/CourtYard.mp4,test/CourtYard/CourtYard_M_1280x720.mp4,False,dim,far,9.11367651233861,8.8052160192529,9.45364332685648
3,CourtYard,M,1280x720,0.7427530288696289,30,ref/CourtYard.mp4,test/CourtYard/CourtYard_M_1280x720.mp4,False,dim,near,7.52048887753414,7.00803816222241,7.85034334468417
3,CourtYard,M,1920x1080,1.665480613708496,30,ref/CourtYard.mp4,test/CourtYard/CourtYard_M_1920x1080.mp4,False,dim,far,9.89268492952072,9.4533476967228,10.4443004205527
3,CourtYard,M,1920x1080,1.665480613708496,30,ref/CourtYard.mp4,test/CourtYard/CourtYard_M_1920x1080.mp4,False,dim,near,9.43236742554435,9.09006887959647,9.77644360482094
3,CourtYard,M,3840x2160,5.844294548034668,30,ref/CourtYard.mp4,test/CourtYard/CourtYard_M_3840x2160.mp4,False,dim,far,10.0503478234328,9.68390354258463,10.5305227415709
3,CourtYard,M,3840x2160,5.844294548034668,30,ref/CourtYard.mp4,test/CourtYard/CourtYard_M_3840x2160.mp4,False,dim,near,10.1224822053789,9.65319259815271,10.7352553429625
3,CourtYard,H,3840x2160,132.93224239349365,30,ref/CourtYard.mp4,test/CourtYard/CourtYard_H_3840x2160.mp4,True,dim,near,10.0,9.71311372251558,10.4658826009679
3,CourtYard,H,3840x2160,132.93224239349365,30,ref/CourtYard.mp4,test/CourtYard/CourtYard_H_3840x2160.mp4,True,dim,far,10.0,9.71311372251558,10.4658826009679
4,FishingCloseshot,H,1280x720,11.575383186340332,25,ref/FishingCloseshot.mp4,test/FishingCloseshot/FishingCloseshot_H_1280x720.mp4,False,dim,far,9.73188427192069,9.0279558236408,10.5894966882958
4,FishingCloseshot,H,1280x720,11.575383186340332,25,ref/FishingCloseshot.mp4,test/FishingCloseshot/FishingCloseshot_H_1280x720.mp4,False,dim,near,8.91696998223928,8.42262573860746,9.41175279872089
4,FishingCloseshot,L,1280x720,0.0531549453735351,25,ref/FishingCloseshot.mp4,test/FishingCloseshot/FishingCloseshot_L_1280x720.mp4,False,dim,far,4.47302543924991,3.5970525836464,5.09456786984034
4,FishingCloseshot,L,1280x720,0.0531549453735351,25,ref/FishingCloseshot.mp4,test/FishingCloseshot/FishingCloseshot_L_1280x720.mp4,False,dim,near,3.53331878734553,2.51525323404285,4.16672435317151
4,FishingCloseshot,L,1920x1080,0.0916461944580078,25,ref/FishingCloseshot.mp4,test/FishingCloseshot/FishingCloseshot_L_1920x1080.mp4,False,dim,far,5.03083963405569,4.4727327356205,5.60024604239678
4,FishingCloseshot,L,1920x1080,0.0916461944580078,25,ref/FishingCloseshot.mp4,test/FishingCloseshot/FishingCloseshot_L_1920x1080.mp4,False,dim,near,4.13307890082802,3.06381504607457,4.87362891799193
4,FishingCloseshot,M,1280x720,0.7444639205932617,25,ref/FishingCloseshot.mp4,test/FishingCloseshot/FishingCloseshot_M_1280x720.mp4,False,dim,far,8.23789218707926,7.83500290712128,8.7374744703717
4,FishingCloseshot,M,1280x720,0.7444639205932617,25,ref/FishingCloseshot.mp4,test/FishingCloseshot/FishingCloseshot_M_1280x720.mp4,False,dim,near,6.47758711475424,6.18541269388142,6.75012064029464
4,FishingCloseshot,M,1920x1080,1.3116559982299805,25,ref/FishingCloseshot.mp4,test/FishingCloseshot/FishingCloseshot_M_1920x1080.mp4,False,dim,far,9.45975210897463,8.91601207753237,10.2156573756157
4,FishingCloseshot,M,1920x1080,1.3116559982299805,25,ref/FishingCloseshot.mp4,test/FishingCloseshot/FishingCloseshot_M_1920x1080.mp4,False,dim,near,7.6946426826066,7.37502929456084,8.115888703579
4,FishingCloseshot,H,1920x1080,25.186501502990723,25,ref/FishingCloseshot.mp4,test/FishingCloseshot/FishingCloseshot_H_1920x1080.mp4,True,dim,near,10.0,9.38516842687962,10.7156970640576
4,FishingCloseshot,H,1920x1080,25.186501502990723,25,ref/FishingCloseshot.mp4,test/FishingCloseshot/FishingCloseshot_H_1920x1080.mp4,True,dim,far,10.0,9.38516842687962,10.7156970640576
5,GearsOfWar4,H,1280x720,17.05481719970703,30,ref/GearsOfWar4.mp4,test/GearsOfWar4/GearsOfWar4_H_1280x720.mp4,False,dim,far,9.76515656859747,9.42130687641032,10.1266156843926
5,GearsOfWar4,H,1280x720,17.05481719970703,30,ref/GearsOfWar4.mp4,test/GearsOfWar4/GearsOfWar4_H_1280x720.mp4,False,dim,near,9.12781741468461,8.58671182065293,9.65232450495743
5,GearsOfWar4,H,1920x1080,33.00517272949219,30,ref/GearsOfWar4.mp4,test/GearsOfWar4/GearsOfWar4_H_1920x1080.mp4,False,dim,far,10.0713999213123,9.70134486901767,10.4820403415338
5,GearsOfWar4,H,1920x1080,33.00517272949219,30,ref/GearsOfWar4.mp4,test/GearsOfWar4/GearsOfWar4_H_1920x1080.mp4,False,dim,near,9.99041163862674,9.74133977336431,10.3210932545054
5,GearsOfWar4,L,1280x720,0.821904182434082,30,ref/GearsOfWar4.mp4,test/GearsOfWar4/GearsOfWar4_L_1280x720.mp4,False,dim,far,8.41260511476487,8.0148958751617,8.71411431397248
5,GearsOfWar4,L,1280x720,0.821904182434082,30,ref/GearsOfWar4.mp4,test/GearsOfWar4/GearsOfWar4_L_1280x720.mp4,False,dim,near,7.31291560852348,6.68010665641595,7.56961742759842
5,GearsOfWar4,L,1920x1080,1.535283088684082,30,ref/GearsOfWar4.mp4,test/GearsOfWar4/GearsOfWar4_L_1920x1080.mp4,False,dim,far,9.86774949149994,9.53116070117624,10.2140202541595
5,GearsOfWar4,L,1920x1080,1.535283088684082,30,ref/GearsOfWar4.mp4,test/GearsOfWar4/GearsOfWar4_L_1920x1080.mp4,False,dim,near,8.69506269928672,8.17605185318659,9.07561551602457
5,GearsOfWar4,L,3840x2160,4.117351531982422,30,ref/GearsOfWar4.mp4,test/GearsOfWar4/GearsOfWar4_L_3840x2160.mp4,False,dim,far,10.1647514657296,9.90108558306035,10.5443422272178
5,GearsOfWar4,L,3840x2160,4.117351531982422,30,ref/GearsOfWar4.mp4,test/GearsOfWar4/GearsOfWar4_L_3840x2160.mp4,False,dim,near,9.76599490050209,9.46247466639644,10.1162122795917
5,GearsOfWar4,M,1280x720,3.0426816940307617,30,ref/GearsOfWar4.mp4,test/GearsOfWar4/GearsOfWar4_M_1280x720.mp4,False,dim,far,9.8509887938168,9.52307199879922,10.1226139618247
5,GearsOfWar4,M,1280x720,3.0426816940307617,30,ref/GearsOfWar4.mp4,test/GearsOfWar4/GearsOfWar4_M_1280x720.mp4,False,dim,near,8.43237700017046,7.9925519191955,8.78440977624598
5,GearsOfWar4,M,1920x1080,5.636177062988281,30,ref/GearsOfWar4.mp4,test/GearsOfWar4/GearsOfWar4_M_1920x1080.mp4,False,dim,far,10.1083785383737,9.85741358012424,10.4645177697568
5,GearsOfWar4,M,1920x1080,5.636177062988281,30,ref/GearsOfWar4.mp4,test/GearsOfWar4/GearsOfWar4_M_1920x1080.mp4,False,dim,near,9.5908811920263,9.32804360561879,9.8626137762337
5,GearsOfWar4,M,3840x2160,15.951780319213867,30,ref/GearsOfWar4.mp4,test/GearsOfWar4/GearsOfWar4_M_3840x2160.mp4,False,dim,far,10.702153996549,10.4535183121923,11.0697973462736
5,GearsOfWar4,M,3840x2160,15.951780319213867,30,ref/GearsOfWar4.mp4,test/GearsOfWar4/GearsOfWar4_M_3840x2160.mp4,False,dim,near,10.1285106446434,9.70244728370053,10.6319882850125
5,GearsOfWar4,H,3840x2160,122.35807037353516,30,ref/GearsOfWar4.mp4,test/GearsOfWar4/GearsOfWar4_H_3840x2160.mp4,True,dim,near,10.0,9.7368519545008,10.3330474705975
5,GearsOfWar4,H,3840x2160,122.35807037353516,30,ref/GearsOfWar4.mp4,test/GearsOfWar4/GearsOfWar4_H_3840x2160.mp4,True,dim,far,10.0,9.7368519545008,10.3330474705975
6,NightStreet,H,1280x720,4.993009567260742,24,ref/NightStreet.mp4,test/NightStreet/NightStreet_H_1280x720.mp4,False,dim,far,9.10315610042923,8.76453196733286,9.51325848635684
6,NightStreet,H,1280x720,4.993009567260742,24,ref/NightStreet.mp4,test/NightStreet/NightStreet_H_1280x720.mp4,False,dim,near,8.16148594333603,7.69988671250464,8.63508222417774
6,NightStreet,H,1920x1080,12.7006196975708,24,ref/NightStreet.mp4,test/NightStreet/NightStreet_H_1920x1080.mp4,False,dim,far,10.0174144559762,9.52771480196611,10.5072180729081
6,NightStreet,H,1920x1080,12.7006196975708,24,ref/NightStreet.mp4,test/NightStreet/NightStreet_H_1920x1080.mp4,False,dim,near,9.61356859323776,9.2901752380238,10.010794949829
6,NightStreet,L,1280x720,0.1771440505981445,24,ref/NightStreet.mp4,test/NightStreet/NightStreet_L_1280x720.mp4,False,dim,far,7.44093436684223,6.86663345068691,7.83406434471194
6,NightStreet,L,1280x720,0.1771440505981445,24,ref/NightStreet.mp4,test/NightStreet/NightStreet_L_1280x720.mp4,False,dim,near,6.41662252925229,5.51271449142951,6.91859726721763
6,NightStreet,L,1920x1080,0.3830499649047851,24,ref/NightStreet.mp4,test/NightStreet/NightStreet_L_1920x1080.mp4,False,dim,far,8.57663545569559,8.18774732407883,8.96118259909772
6,NightStreet,L,1920x1080,0.3830499649047851,24,ref/NightStreet.mp4,test/NightStreet/NightStreet_L_1920x1080.mp4,False,dim,near,7.73716931730994,7.32199986683137,8.02274245650461
6,NightStreet,L,3840x2160,1.333059310913086,24,ref/NightStreet.mp4,test/NightStreet/NightStreet_L_3840x2160.mp4,False,dim,far,9.33005390982672,8.91047286815517,9.76876074713398
6,NightStreet,L,3840x2160,1.333059310913086,24,ref/NightStreet.mp4,test/NightStreet/NightStreet_L_3840x2160.mp4,False,dim,near,8.89245316734426,8.56909282773355,9.25875399044003
6,NightStreet,M,1280x720,0.6151399612426758,24,ref/NightStreet.mp4,test/NightStreet/NightStreet_M_1280x720.mp4,False,dim,far,8.65930274320917,8.32999452670446,9.07192989490431
6,NightStreet,M,1280x720,0.6151399612426758,24,ref/NightStreet.mp4,test/NightStreet/NightStreet_M_1280x720.mp4,False,dim,near,7.34672626088141,6.78841946296575,7.70606110339274
6,NightStreet,M,1920x1080,1.4035711288452148,24,ref/NightStreet.mp4,test/NightStreet/NightStreet_M_1920x1080.mp4,False,dim,far,9.73826595215917,9.360009032134,10.2101007437579
6,NightStreet,M,1920x1080,1.4035711288452148,24,ref/NightStreet.mp4,test/NightStreet/NightStreet_M_1920x1080.mp4,False,dim,near,8.63798606540897,8.33930769031824,8.8922411277784
6,NightStreet,M,3840x2160,5.0738677978515625,24,ref/NightStreet.mp4,test/NightStreet/NightStreet_M_3840x2160.mp4,False,dim,far,9.73074811908783,9.33614044533604,10.2259570689064
6,NightStreet,M,3840x2160,5.0738677978515625,24,ref/NightStreet.mp4,test/NightStreet/NightStreet_M_3840x2160.mp4,False,dim,near,9.38969757664696,8.99028485257832,9.91490558889643
6,NightStreet,H,3840x2160,58.9429931640625,24,ref/NightStreet.mp4,test/NightStreet/NightStreet_H_3840x2160.mp4,True,dim,near,10.0,9.71845282240368,10.4236207492475
6,NightStreet,H,3840x2160,58.9429931640625,24,ref/NightStreet.mp4,test/NightStreet/NightStreet_H_3840x2160.mp4,True,dim,far,10.0,9.71845282240368,10.4236207492475
7,PUBG_p2,H,1280x720,17.43197727203369,30,ref/PUBG_p2.mp4,test/PUBG_p2/PUBG_p2_H_1280x720.mp4,False,dim,far,9.59006010341531,9.20437214384533,10.0904652937538
7,PUBG_p2,H,1280x720,17.43197727203369,30,ref/PUBG_p2.mp4,test/PUBG_p2/PUBG_p2_H_1280x720.mp4,False,dim,near,8.23494293870973,7.91951491112426,8.60579002699347
7,PUBG_p2,H,1920x1080,40.04859447479248,30,ref/PUBG_p2.mp4,test/PUBG_p2/PUBG_p2_H_1920x1080.mp4,False,dim,far,10.0848954360031,9.6197566693507,10.7585548758477
7,PUBG_p2,H,1920x1080,40.04859447479248,30,ref/PUBG_p2.mp4,test/PUBG_p2/PUBG_p2_H_1920x1080.mp4,False,dim,near,9.65270081983136,9.29387981969782,10.1340227208254
7,PUBG_p2,L,1280x720,0.3220272064208984,30,ref/PUBG_p2.mp4,test/PUBG_p2/PUBG_p2_L_1280x720.mp4,False,dim,far,4.91755802332457,4.1590539131934,5.52703825535155
7,PUBG_p2,L,1280x720,0.3220272064208984,30,ref/PUBG_p2.mp4,test/PUBG_p2/PUBG_p2_L_1280x720.mp4,False,dim,near,4.18335342030226,2.82024812746134,4.98992919109724
7,PUBG_p2,L,1920x1080,0.6364860534667969,30,ref/PUBG_p2.mp4,test/PUBG_p2/PUBG_p2_L_1920x1080.mp4,False,dim,far,6.49587043881618,5.94440373217272,6.85555679287194
7,PUBG_p2,L,1920x1080,0.6364860534667969,30,ref/PUBG_p2.mp4,test/PUBG_p2/PUBG_p2_L_1920x1080.mp4,False,dim,near,5.85818109516362,5.25272152218512,6.37082226516355
7,PUBG_p2,L,3840x2160,2.03840446472168,30,ref/PUBG_p2.mp4,test/PUBG_p2/PUBG_p2_L_3840x2160.mp4,False,dim,far,8.42968094865288,7.94646054226854,8.87636073441202
7,PUBG_p2,L,3840x2160,2.03840446472168,30,ref/PUBG_p2.mp4,test/PUBG_p2/PUBG_p2_L_3840x2160.mp4,False,dim,near,7.4807972871818,7.07464826308239,7.86264195844564
7,PUBG_p2,M,1280x720,2.2701282501220703,30,ref/PUBG_p2.mp4,test/PUBG_p2/PUBG_p2_M_1280x720.mp4,False,dim,far,7.98427718701501,7.65352676866505,8.26369415031942
7,PUBG_p2,M,1280x720,2.2701282501220703,30,ref/PUBG_p2.mp4,test/PUBG_p2/PUBG_p2_M_1280x720.mp4,False,dim,near,7.34387367867365,6.92560262148428,7.68237899727852
7,PUBG_p2,M,1920x1080,4.763725280761719,30,ref/PUBG_p2.mp4,test/PUBG_p2/PUBG_p2_M_1920x1080.mp4,False,dim,far,9.41338446985001,9.01140209794848,9.89343052019881
7,PUBG_p2,M,1920x1080,4.763725280761719,30,ref/PUBG_p2.mp4,test/PUBG_p2/PUBG_p2_M_1920x1080.mp4,False,dim,near,8.74314439055944,8.35772607450882,9.05109773680857
7,PUBG_p2,M,3840x2160,19.49670886993408,30,ref/PUBG_p2.mp4,test/PUBG_p2/PUBG_p2_M_3840x2160.mp4,False,dim,far,9.6398542799821,9.19422038820541,10.2448084793817
7,PUBG_p2,M,3840x2160,19.49670886993408,30,ref/PUBG_p2.mp4,test/PUBG_p2/PUBG_p2_M_3840x2160.mp4,False,dim,near,9.79298377553275,9.38565467420615,10.2638401078977
7,PUBG_p2,H,3840x2160,170.2221221923828,30,ref/PUBG_p2.mp4,test/PUBG_p2/PUBG_p2_H_3840x2160.mp4,True,dim,near,10.0,9.66892595615335,10.4632563557994
7,PUBG_p2,H,3840x2160,170.2221221923828,30,ref/PUBG_p2.mp4,test/PUBG_p2/PUBG_p2_H_3840x2160.mp4,True,dim,far,10.0,9.66892595615335,10.4632563557994
8,PorscheCloseUp,H,1280x720,3.537351608276367,60,ref/PorscheCloseUp.mp4,test/PorscheCloseUp/PorscheCloseUp_H_1280x720.mp4,False,dim,far,9.962550195415,9.74864928303035,10.3181308802813
8,PorscheCloseUp,H,1280x720,3.537351608276367,60,ref/PorscheCloseUp.mp4,test/PorscheCloseUp/PorscheCloseUp_H_1280x720.mp4,False,dim,near,8.37871112725448,7.89065148557713,8.74787530946043
8,PorscheCloseUp,H,1920x1080,7.872106552124023,60,ref/PorscheCloseUp.mp4,test/PorscheCloseUp/PorscheCloseUp_H_1920x1080.mp4,False,dim,far,10.09551157433,9.77393837766231,10.5368176863942
8,PorscheCloseUp,H,1920x1080,7.872106552124023,60,ref/PorscheCloseUp.mp4,test/PorscheCloseUp/PorscheCloseUp_H_1920x1080.mp4,False,dim,near,9.70509607000588,9.4225895231286,10.0778769298933
8,PorscheCloseUp,L,1280x720,0.0779047012329101,60,ref/PorscheCloseUp.mp4,test/PorscheCloseUp/PorscheCloseUp_L_1280x720.mp4,False,dim,far,8.22754820421743,7.75193656546912,8.60438603152295
8,PorscheCloseUp,L,1280x720,0.0779047012329101,60,ref/PorscheCloseUp.mp4,test/PorscheCloseUp/PorscheCloseUp_L_1280x720.mp4,False,dim,near,6.41825016285135,5.54285229789813,6.80711115183927
8,PorscheCloseUp,L,1920x1080,0.1300764083862304,60,ref/PorscheCloseUp.mp4,test/PorscheCloseUp/PorscheCloseUp_L_1920x1080.mp4,False,dim,far,9.18019415841487,8.70288854326104,9.74454218639315
8,PorscheCloseUp,L,1920x1080,0.1300764083862304,60,ref/PorscheCloseUp.mp4,test/PorscheCloseUp/PorscheCloseUp_L_1920x1080.mp4,False,dim,near,8.09398581699517,7.60957145958236,8.4471572016288
8,PorscheCloseUp,L,3840x2160,0.3110713958740234,60,ref/PorscheCloseUp.mp4,test/PorscheCloseUp/PorscheCloseUp_L_3840x2160.mp4,False,dim,far,9.76614031282198,9.35657946466306,10.3214931578238
8,PorscheCloseUp,L,3840x2160,0.3110713958740234,60,ref/PorscheCloseUp.mp4,test/PorscheCloseUp/PorscheCloseUp_L_3840x2160.mp4,False,dim,near,8.75487890454403,8.27994438640867,9.21864317122742
8,PorscheCloseUp,M,1280x720,0.1951026916503906,60,ref/PorscheCloseUp.mp4,test/PorscheCloseUp/PorscheCloseUp_M_1280x720.mp4,False,dim,far,9.10500241269018,8.75988004302889,9.53658351892545
8,PorscheCloseUp,M,1280x720,0.1951026916503906,60,ref/PorscheCloseUp.mp4,test/PorscheCloseUp/PorscheCloseUp_M_1280x720.mp4,False,dim,near,7.45833411942228,6.88351541307874,7.77729168022481
8,PorscheCloseUp,M,1920x1080,0.3394660949707031,60,ref/PorscheCloseUp.mp4,test/PorscheCloseUp/PorscheCloseUp_M_1920x1080.mp4,False,dim,far,9.59420983551769,9.25785767917339,10.0506381126844
8,PorscheCloseUp,M,1920x1080,0.3394660949707031,60,ref/PorscheCloseUp.mp4,test/PorscheCloseUp/PorscheCloseUp_M_1920x1080.mp4,False,dim,near,8.98815393011311,8.72125161148466,9.25035287258413
8,PorscheCloseUp,M,3840x2160,0.8458175659179688,60,ref/PorscheCloseUp.mp4,test/PorscheCloseUp/PorscheCloseUp_M_3840x2160.mp4,False,dim,far,9.80616450404694,9.38858856129741,10.3831030391441
8,PorscheCloseUp,M,3840x2160,0.8458175659179688,60,ref/PorscheCloseUp.mp4,test/PorscheCloseUp/PorscheCloseUp_M_3840x2160.mp4,False,dim,near,9.62971726801943,9.3741287702428,9.98272174977208
8,PorscheCloseUp,H,3840x2160,50.17091941833496,60,ref/PorscheCloseUp.mp4,test/PorscheCloseUp/PorscheCloseUp_H_3840x2160.mp4,True,dim,near,10.0,9.77451775802508,10.3355408570155
8,PorscheCloseUp,H,3840x2160,50.17091941833496,60,ref/PorscheCloseUp.mp4,test/PorscheCloseUp/PorscheCloseUp_H_3840x2160.mp4,True,dim,far,10.0,9.77451775802508,10.3355408570155
9,RocketLeague,H,1280x720,10.67750644683838,30,ref/RocketLeague.mp4,test/RocketLeague/RocketLeague_H_1280x720.mp4,False,dim,far,9.09666926866421,8.61931739807831,9.68092973417439
9,RocketLeague,H,1280x720,10.67750644683838,30,ref/RocketLeague.mp4,test/RocketLeague/RocketLeague_H_1280x720.mp4,False,dim,near,7.93696038878974,7.50314039931755,8.37040830749488
9,RocketLeague,H,1920x1080,22.16514205932617,30,ref/RocketLeague.mp4,test/RocketLeague/RocketLeague_H_1920x1080.mp4,False,dim,far,9.85826664238798,9.43722127740597,10.3538881435868
9,RocketLeague,H,1920x1080,22.16514205932617,30,ref/RocketLeague.mp4,test/RocketLeague/RocketLeague_H_1920x1080.mp4,False,dim,near,9.74608633208069,9.37541262392176,10.2176827614266
9,RocketLeague,L,1280x720,0.1928701400756836,30,ref/RocketLeague.mp4,test/RocketLeague/RocketLeague_L_1280x720.mp4,False,dim,far,6.74145932856993,6.05700470525743,7.22223025061476
9,RocketLeague,L,1280x720,0.1928701400756836,30,ref/RocketLeague.mp4,test/RocketLeague/RocketLeague_L_1280x720.mp4,False,dim,near,5.16973563390056,4.14747271373349,5.79118601799226
9,RocketLeague,L,1920x1080,0.3327598571777344,30,ref/RocketLeague.mp4,test/RocketLeague/RocketLeague_L_1920x1080.mp4,False,dim,far,8.02880048567889,7.61783686805111,8.36655722810828
9,RocketLeague,L,1920x1080,0.3327598571777344,30,ref/RocketLeague.mp4,test/RocketLeague/RocketLeague_L_1920x1080.mp4,False,dim,near,6.68899112972664,6.0545625671205,7.06690835042834
9,RocketLeague,L,3840x2160,0.9068012237548828,30,ref/RocketLeague.mp4,test/RocketLeague/RocketLeague_L_3840x2160.mp4,False,dim,far,8.73409786172924,8.45268888390001,9.02433950284939
9,RocketLeague,L,3840x2160,0.9068012237548828,30,ref/RocketLeague.mp4,test/RocketLeague/RocketLeague_L_3840x2160.mp4,False,dim,near,8.33919479464298,7.97275755512534,8.72916470250181
9,RocketLeague,M,1280x720,0.6864233016967773,30,ref/RocketLeague.mp4,test/RocketLeague/RocketLeague_M_1280x720.mp4,False,dim,far,8.32796799052615,8.04364246569689,8.67810203864432
9,RocketLeague,M,1280x720,0.6864233016967773,30,ref/RocketLeague.mp4,test/RocketLeague/RocketLeague_M_1280x720.mp4,False,dim,near,7.30111072017557,6.75008958460736,7.64099133886915
9,RocketLeague,M,1920x1080,1.283893585205078,30,ref/RocketLeague.mp4,test/RocketLeague/RocketLeague_M_1920x1080.mp4,False,dim,far,9.33175361782189,9.00300175055848,9.77440355238918
9,RocketLeague,M,1920x1080,1.283893585205078,30,ref/RocketLeague.mp4,test/RocketLeague/RocketLeague_M_1920x1080.mp4,False,dim,near,8.21433115066881,7.76984143911486,8.70674276861589
9,RocketLeague,M,3840x2160,3.75938892364502,30,ref/RocketLeague.mp4,test/RocketLeague/RocketLeague_M_3840x2160.mp4,False,dim,far,9.54252261871324,9.18739630570956,9.92558334202324
9,RocketLeague,M,3840x2160,3.75938892364502,30,ref/RocketLeague.mp4,test/RocketLeague/RocketLeague_M_3840x2160.mp4,False,dim,near,9.6104458471952,9.20134231067771,10.1329192231201
9,RocketLeague,H,3840x2160,88.50019931793213,30,ref/RocketLeague.mp4,test/RocketLeague/RocketLeague_H_3840x2160.mp4,True,dim,near,10.0,9.69587354317057,10.4904875245249
9,RocketLeague,H,3840x2160,88.50019931793213,30,ref/RocketLeague.mp4,test/RocketLeague/RocketLeague_H_3840x2160.mp4,True,dim,far,10.0,9.69587354317057,10.4904875245249
10,RushPixar,H,1280x720,12.851252555847168,30,ref/RushPixar.mp4,test/RushPixar/RushPixar_H_1280x720.mp4,False,dim,far,9.62087703264624,9.31419203339958,9.95096883944419
10,RushPixar,H,1280x720,12.851252555847168,30,ref/RushPixar.mp4,test/RushPixar/RushPixar_H_1280x720.mp4,False,dim,near,8.71068408966535,8.26671673697674,9.168686386485
10,RushPixar,H,1920x1080,23.658814430236816,30,ref/RushPixar.mp4,test/RushPixar/RushPixar_H_1920x1080.mp4,False,dim,far,10.1278479382293,9.8249436454503,10.5117185816948
10,RushPixar,H,1920x1080,23.658814430236816,30,ref/RushPixar.mp4,test/RushPixar/RushPixar_H_1920x1080.mp4,False,dim,near,9.79749883732374,9.4536698263665,10.1860655863838
10,RushPixar,L,1280x720,0.4603481292724609,30,ref/RushPixar.mp4,test/RushPixar/RushPixar_L_1280x720.mp4,False,dim,far,8.06968100282747,7.57566110019134,8.4753359592821
10,RushPixar,L,1280x720,0.4603481292724609,30,ref/RushPixar.mp4,test/RushPixar/RushPixar_L_1280x720.mp4,False,dim,near,6.29514211809516,5.52626724373692,6.73471026011511
10,RushPixar,L,1920x1080,0.808624267578125,30,ref/RushPixar.mp4,test/RushPixar/RushPixar_L_1920x1080.mp4,False,dim,far,8.67395914378828,8.35502469705333,9.01523610503547
10,RushPixar,L,1920x1080,0.808624267578125,30,ref/RushPixar.mp4,test/RushPixar/RushPixar_L_1920x1080.mp4,False,dim,near,7.50282666255235,7.04475565287742,7.8162079183764
10,RushPixar,L,3840x2160,2.1468420028686523,30,ref/RushPixar.mp4,test/RushPixar/RushPixar_L_3840x2160.mp4,False,dim,far,9.17273348683693,8.90563591232942,9.45955386463113
10,RushPixar,L,3840x2160,2.1468420028686523,30,ref/RushPixar.mp4,test/RushPixar/RushPixar_L_3840x2160.mp4,False,dim,near,8.65320379436021,8.22562068449498,9.01227325066451
10,RushPixar,M,1280x720,1.6702251434326172,30,ref/RushPixar.mp4,test/RushPixar/RushPixar_M_1280x720.mp4,False,dim,far,9.1567256987505,8.73265202087502,9.66318574617491
10,RushPixar,M,1280x720,1.6702251434326172,30,ref/RushPixar.mp4,test/RushPixar/RushPixar_M_1280x720.mp4,False,dim,near,8.33881224576311,7.88398968190798,8.69504637108601
10,RushPixar,M,1920x1080,3.043731689453125,30,ref/RushPixar.mp4,test/RushPixar/RushPixar_M_1920x1080.mp4,False,dim,far,9.71965575903272,9.4872429539688,10.0671059352913
10,RushPixar,M,1920x1080,3.043731689453125,30,ref/RushPixar.mp4,test/RushPixar/RushPixar_M_1920x1080.mp4,False,dim,near,8.92965412871412,8.60693619205993,9.27766089417917
10,RushPixar,M,3840x2160,8.460220336914062,30,ref/RushPixar.mp4,test/RushPixar/RushPixar_M_3840x2160.mp4,False,dim,far,10.2353910736185,9.89910748249994,10.7420643145454
10,RushPixar,M,3840x2160,8.460220336914062,30,ref/RushPixar.mp4,test/RushPixar/RushPixar_M_3840x2160.mp4,False,dim,near,9.54330707606434,9.18445586269128,9.98934120245047
10,RushPixar,H,3840x2160,71.80244827270508,30,ref/RushPixar.mp4,test/RushPixar/RushPixar_H_3840x2160.mp4,True,dim,near,10.0,9.75312417221893,10.363076985715
10,RushPixar,H,3840x2160,71.80244827270508,30,ref/RushPixar.mp4,test/RushPixar/RushPixar_H_3840x2160.mp4,True,dim,far,10.0,9.75312417221893,10.363076985715
11,ShadowOfTheTombRaider,H,1280x720,5.562313079833984,30,ref/ShadowOfTheTombRaider.mp4,test/ShadowOfTheTombRaider/ShadowOfTheTombRaider_H_1280x720.mp4,False,dim,far,10.4061586072519,10.0619567591626,10.851394876494
11,ShadowOfTheTombRaider,H,1280x720,5.562313079833984,30,ref/ShadowOfTheTombRaider.mp4,test/ShadowOfTheTombRaider/ShadowOfTheTombRaider_H_1280x720.mp4,False,dim,near,9.45203324008923,9.13605942499831,9.83934080991904
11,ShadowOfTheTombRaider,H,1920x1080,9.560937881469728,30,ref/ShadowOfTheTombRaider.mp4,test/ShadowOfTheTombRaider/ShadowOfTheTombRaider_H_1920x1080.mp4,False,dim,far,10.2685389999971,9.78231674064654,10.9176719685317
11,ShadowOfTheTombRaider,H,1920x1080,9.560937881469728,30,ref/ShadowOfTheTombRaider.mp4,test/ShadowOfTheTombRaider/ShadowOfTheTombRaider_H_1920x1080.mp4,False,dim,near,9.79510331425418,9.47420672668828,10.1850057963113
11,ShadowOfTheTombRaider,L,1280x720,0.2217864990234375,30,ref/ShadowOfTheTombRaider.mp4,test/ShadowOfTheTombRaider/ShadowOfTheTombRaider_L_1280x720.mp4,False,dim,far,7.34343667336351,6.83229931692866,7.76617359932899
11,ShadowOfTheTombRaider,L,1280x720,0.2217864990234375,30,ref/ShadowOfTheTombRaider.mp4,test/ShadowOfTheTombRaider/ShadowOfTheTombRaider_L_1280x720.mp4,False,dim,near,5.77616604445124,4.77883737573321,6.36264821427836
11,ShadowOfTheTombRaider,L,1920x1080,0.4046878814697265,30,ref/ShadowOfTheTombRaider.mp4,test/ShadowOfTheTombRaider/ShadowOfTheTombRaider_L_1920x1080.mp4,False,dim,far,8.59655140014174,8.25908095068449,8.86829260171998
11,ShadowOfTheTombRaider,L,1920x1080,0.4046878814697265,30,ref/ShadowOfTheTombRaider.mp4,test/ShadowOfTheTombRaider/ShadowOfTheTombRaider_L_1920x1080.mp4,False,dim,near,7.1930624595792,6.51913323129031,7.60635449537489
11,ShadowOfTheTombRaider,L,3840x2160,1.0834808349609375,30,ref/ShadowOfTheTombRaider.mp4,test/ShadowOfTheTombRaider/ShadowOfTheTombRaider_L_3840x2160.mp4,False,dim,far,9.48853060396662,9.13102763357251,9.96314534673593
11,ShadowOfTheTombRaider,L,3840x2160,1.0834808349609375,30,ref/ShadowOfTheTombRaider.mp4,test/ShadowOfTheTombRaider/ShadowOfTheTombRaider_L_3840x2160.mp4,False,dim,near,8.3250798232736,7.92008758546097,8.71961008921667
11,ShadowOfTheTombRaider,M,1280x720,0.6822071075439453,30,ref/ShadowOfTheTombRaider.mp4,test/ShadowOfTheTombRaider/ShadowOfTheTombRaider_M_1280x720.mp4,False,dim,far,9.04603661139896,8.68040950990663,9.43080214814994
11,ShadowOfTheTombRaider,M,1280x720,0.6822071075439453,30,ref/ShadowOfTheTombRaider.mp4,test/ShadowOfTheTombRaider/ShadowOfTheTombRaider_M_1280x720.mp4,False,dim,near,7.81994967450278,7.41481975243754,8.12148354713493
11,ShadowOfTheTombRaider,M,1920x1080,1.2165641784667969,30,ref/ShadowOfTheTombRaider.mp4,test/ShadowOfTheTombRaider/ShadowOfTheTombRaider_M_1920x1080.mp4,False,dim,far,9.61814590644238,9.23781962006469,9.97357685786389
11,ShadowOfTheTombRaider,M,1920x1080,1.2165641784667969,30,ref/ShadowOfTheTombRaider.mp4,test/ShadowOfTheTombRaider/ShadowOfTheTombRaider_M_1920x1080.mp4,False,dim,near,8.95690989139562,8.56802055590361,9.32353377516325
11,ShadowOfTheTombRaider,M,3840x2160,2.938709259033203,30,ref/ShadowOfTheTombRaider.mp4,test/ShadowOfTheTombRaider/ShadowOfTheTombRaider_M_3840x2160.mp4,False,dim,far,9.9010259514172,9.57367608190602,10.3143859446764
11,ShadowOfTheTombRaider,M,3840x2160,2.938709259033203,30,ref/ShadowOfTheTombRaider.mp4,test/ShadowOfTheTombRaider/ShadowOfTheTombRaider_M_3840x2160.mp4,False,dim,near,8.95087450330473,8.59579017180995,9.30564983377221
11,ShadowOfTheTombRaider,H,3840x2160,22.9559383392334,30,ref/ShadowOfTheTombRaider.mp4,test/ShadowOfTheTombRaider/ShadowOfTheTombRaider_H_3840x2160.mp4,True,dim,near,10.0,9.67268322356596,10.3923974858499
11,ShadowOfTheTombRaider,H,3840x2160,22.9559383392334,30,ref/ShadowOfTheTombRaider.mp4,test/ShadowOfTheTombRaider/ShadowOfTheTombRaider_H_3840x2160.mp4,True,dim,far,10.0,9.67268322356596,10.3923974858499
12,Showgirl01,H,1280x720,10.251477241516112,25,ref/Showgirl01.mp4,test/Showgirl01/Showgirl01_H_1280x720.mp4,False,dim,far,10.384410055242,10.0324969173851,10.8938279147803
12,Showgirl01,H,1280x720,10.251477241516112,25,ref/Showgirl01.mp4,test/Showgirl01/Showgirl01_H_1280x720.mp4,False,dim,near,9.18863180216491,8.84339506429971,9.63056061483647
12,Showgirl01,L,1280x720,0.2138404846191406,25,ref/Showgirl01.mp4,test/Showgirl01/Showgirl01_L_1280x720.mp4,False,dim,far,7.92191971903415,7.4603733268366,8.27755445119848
12,Showgirl01,L,1280x720,0.2138404846191406,25,ref/Showgirl01.mp4,test/Showgirl01/Showgirl01_L_1280x720.mp4,False,dim,near,6.44443396526378,5.72044523937967,7.00973315027387
12,Showgirl01,L,1920x1080,0.3267412185668945,25,ref/Showgirl01.mp4,test/Showgirl01/Showgirl01_L_1920x1080.mp4,False,dim,far,8.62403376334385,8.19259144207939,9.04709421909735
12,Showgirl01,L,1920x1080,0.3267412185668945,25,ref/Showgirl01.mp4,test/Showgirl01/Showgirl01_L_1920x1080.mp4,False,dim,near,7.42770699989897,6.86377996319262,7.86309504643738
12,Showgirl01,M,1280x720,0.9726085662841796,25,ref/Showgirl01.mp4,test/Showgirl01/Showgirl01_M_1280x720.mp4,False,dim,far,9.77229683921566,9.46147727645844,10.2249459381606
12,Showgirl01,M,1280x720,0.9726085662841796,25,ref/Showgirl01.mp4,test/Showgirl01/Showgirl01_M_1280x720.mp4,False,dim,near,8.58800283670901,8.17086584872558,8.96243303478287
12,Showgirl01,M,1920x1080,1.5840673446655271,25,ref/Showgirl01.mp4,test/Showgirl01/Showgirl01_M_1920x1080.mp4,False,dim,far,10.3140650847913,9.90653392217126,10.7654003819721
12,Showgirl01,M,1920x1080,1.5840673446655271,25,ref/Showgirl01.mp4,test/Showgirl01/Showgirl01_M_1920x1080.mp4,False,dim,near,8.90616740761512,8.59873952889432,9.18631197295687
12,Showgirl01,H,1920x1080,38.09008979797363,25,ref/Showgirl01.mp4,test/Showgirl01/Showgirl01_H_1920x1080.mp4,True,dim,near,10.0,9.73143746791673,10.3310739388586
12,Showgirl01,H,1920x1080,38.09008979797363,25,ref/Showgirl01.mp4,test/Showgirl01/Showgirl01_H_1920x1080.mp4,True,dim,far,10.0,9.73143746791673,10.3310739388586
13,SmithHammering,H,1280x720,9.583670616149902,25,ref/SmithHammering.mp4,test/SmithHammering/SmithHammering_H_1280x720.mp4,False,dim,far,10.1246219274698,9.71787070898438,10.681592467701
13,SmithHammering,H,1280x720,9.583670616149902,25,ref/SmithHammering.mp4,test/SmithHammering/SmithHammering_H_1280x720.mp4,False,dim,near,9.38901944707657,8.99845445130373,9.87318760876031
13,SmithHammering,L,1280x720,0.1653118133544922,25,ref/SmithHammering.mp4,test/SmithHammering/SmithHammering_L_1280x720.mp4,False,dim,far,7.06989711318291,6.63637398789685,7.40121477250363
13,SmithHammering,L,1280x720,0.1653118133544922,25,ref/SmithHammering.mp4,test/SmithHammering/SmithHammering_L_1280x720.mp4,False,dim,near,5.72562601071294,4.7793200292343,6.2634238176492
13,SmithHammering,L,1920x1080,0.2668924331665039,25,ref/SmithHammering.mp4,test/SmithHammering/SmithHammering_L_1920x1080.mp4,False,dim,far,7.98176440328584,7.48888901226408,8.39426283883738
13,SmithHammering,L,1920x1080,0.2668924331665039,25,ref/SmithHammering.mp4,test/SmithHammering/SmithHammering_L_1920x1080.mp4,False,dim,near,7.05703906371821,6.49963777875159,7.47116304816246
13,SmithHammering,M,1280x720,0.6532125473022461,25,ref/SmithHammering.mp4,test/SmithHammering/SmithHammering_M_1280x720.mp4,False,dim,far,9.45489901851487,9.13307701940301,9.88981832704524
13,SmithHammering,M,1280x720,0.6532125473022461,25,ref/SmithHammering.mp4,test/SmithHammering/SmithHammering_M_1280x720.mp4,False,dim,near,8.17559158704731,7.86515565594319,8.45676415266077
13,SmithHammering,M,1920x1080,1.0215120315551758,25,ref/SmithHammering.mp4,test/SmithHammering/SmithHammering_M_1920x1080.mp4,False,dim,far,10.0389017312783,9.75524360477423,10.4800328657761
13,SmithHammering,M,1920x1080,1.0215120315551758,25,ref/SmithHammering.mp4,test/SmithHammering/SmithHammering_M_1920x1080.mp4,False,dim,near,9.09649317667626,8.81687381473974,9.40252085365774
13,SmithHammering,H,1920x1080,44.80654144287109,25,ref/SmithHammering.mp4,test/SmithHammering/SmithHammering_H_1920x1080.mp4,True,dim,near,10.0,9.605199487971,10.5727912376106
13,SmithHammering,H,1920x1080,44.80654144287109,25,ref/SmithHammering.mp4,test/SmithHammering/SmithHammering_H_1920x1080.mp4,True,dim,far,10.0,9.605199487971,10.5727912376106
14,SolLevante_p1,H,1280x720,26.9251651763916,24,ref/SolLevante_p1.mp4,test/SolLevante_p1/SolLevante_p1_H_1280x720.mp4,False,dim,far,9.93984072770071,9.67239198350795,10.3399189662743
14,SolLevante_p1,H,1280x720,26.9251651763916,24,ref/SolLevante_p1.mp4,test/SolLevante_p1/SolLevante_p1_H_1280x720.mp4,False,dim,near,9.26064860257899,8.84779170336961,9.7492004049492
14,SolLevante_p1,H,1920x1080,47.001336097717285,24,ref/SolLevante_p1.mp4,test/SolLevante_p1/SolLevante_p1_H_1920x1080.mp4,False,dim,far,10.1619253454571,9.79837915010574,10.6506591728591
14,SolLevante_p1,H,1920x1080,47.001336097717285,24,ref/SolLevante_p1.mp4,test/SolLevante_p1/SolLevante_p1_H_1920x1080.mp4,False,dim,near,9.86181902582698,9.50468278078979,10.3167568476227
14,SolLevante_p1,L,1280x720,0.7121944427490234,24,ref/SolLevante_p1.mp4,test/SolLevante_p1/SolLevante_p1_L_1280x720.mp4,False,dim,far,7.65772552860153,7.04100860080683,8.0975914503545
14,SolLevante_p1,L,1280x720,0.7121944427490234,24,ref/SolLevante_p1.mp4,test/SolLevante_p1/SolLevante_p1_L_1280x720.mp4,False,dim,near,5.65830918903155,4.63233192105147,6.22851149169026
14,SolLevante_p1,L,1920x1080,1.3741722106933594,24,ref/SolLevante_p1.mp4,test/SolLevante_p1/SolLevante_p1_L_1920x1080.mp4,False,dim,far,8.31626506892589,7.91031041748655,8.68947605547463
14,SolLevante_p1,L,1920x1080,1.3741722106933594,24,ref/SolLevante_p1.mp4,test/SolLevante_p1/SolLevante_p1_L_1920x1080.mp4,False,dim,near,7.40796965154571,6.87932510556822,7.79263350187072
14,SolLevante_p1,L,3840x2160,4.005304336547852,24,ref/SolLevante_p1.mp4,test/SolLevante_p1/SolLevante_p1_L_3840x2160.mp4,False,dim,far,9.37186223304626,9.03972380942511,9.68752958939714
14,SolLevante_p1,L,3840x2160,4.005304336547852,24,ref/SolLevante_p1.mp4,test/SolLevante_p1/SolLevante_p1_L_3840x2160.mp4,False,dim,near,8.48329698273394,8.14860521511192,8.76552352295822
14,SolLevante_p1,M,1280x720,3.987493515014648,24,ref/SolLevante_p1.mp4,test/SolLevante_p1/SolLevante_p1_M_1280x720.mp4,False,dim,far,9.29766360667794,8.86583570263157,9.70301156413081
14,SolLevante_p1,M,1280x720,3.987493515014648,24,ref/SolLevante_p1.mp4,test/SolLevante_p1/SolLevante_p1_M_1280x720.mp4,False,dim,near,8.46869900969571,8.18492347639227,8.67932615895803
14,SolLevante_p1,M,1920x1080,6.965436935424805,24,ref/SolLevante_p1.mp4,test/SolLevante_p1/SolLevante_p1_M_1920x1080.mp4,False,dim,far,9.97871751600977,9.61666321510386,10.429780111374
14,SolLevante_p1,M,1920x1080,6.965436935424805,24,ref/SolLevante_p1.mp4,test/SolLevante_p1/SolLevante_p1_M_1920x1080.mp4,False,dim,near,9.01659302935837,8.62941919619089,9.42604781674547
14,SolLevante_p1,M,3840x2160,16.478382110595703,24,ref/SolLevante_p1.mp4,test/SolLevante_p1/SolLevante_p1_M_3840x2160.mp4,False,dim,far,10.3045749449329,9.9756650290203,10.7424785446171
14,SolLevante_p1,M,3840x2160,16.478382110595703,24,ref/SolLevante_p1.mp4,test/SolLevante_p1/SolLevante_p1_M_3840x2160.mp4,False,dim,near,9.50194102355213,9.04333263715063,9.97819044115787
14,SolLevante_p1,H,3840x2160,101.9728546142578,24,ref/SolLevante_p1.mp4,test/SolLevante_p1/SolLevante_p1_H_3840x2160.mp4,True,dim,near,10.0,9.68518873294063,10.4774878126873
14,SolLevante_p1,H,3840x2160,101.9728546142578,24,ref/SolLevante_p1.mp4,test/SolLevante_p1/SolLevante_p1_H_3840x2160.mp4,True,dim,far,10.0,9.68518873294063,10.4774878126873
15,SolLevante_p2,H,1280x720,16.949886322021484,24,ref/SolLevante_p2.mp4,test/SolLevante_p2/SolLevante_p2_H_1280x720.mp4,False,dim,far,8.79604544378084,8.43414789700702,9.17121406326335
15,SolLevante_p2,H,1280x720,16.949886322021484,24,ref/SolLevante_p2.mp4,test/SolLevante_p2/SolLevante_p2_H_1280x720.mp4,False,dim,near,8.10924521101115,7.67708646803526,8.58379321937237
15,SolLevante_p2,H,1920x1080,37.57007122039795,24,ref/SolLevante_p2.mp4,test/SolLevante_p2/SolLevante_p2_H_1920x1080.mp4,False,dim,far,9.52046742113522,9.01339711541615,10.1261717664392
15,SolLevante_p2,H,1920x1080,37.57007122039795,24,ref/SolLevante_p2.mp4,test/SolLevante_p2/SolLevante_p2_H_1920x1080.mp4,False,dim,near,9.24507186827332,8.92615371786609,9.56264303028468
15,SolLevante_p2,L,1280x720,0.3590841293334961,24,ref/SolLevante_p2.mp4,test/SolLevante_p2/SolLevante_p2_L_1280x720.mp4,False,dim,far,5.12871068424159,4.50607842171322,5.64310451492961
15,SolLevante_p2,L,1280x720,0.3590841293334961,24,ref/SolLevante_p2.mp4,test/SolLevante_p2/SolLevante_p2_L_1280x720.mp4,False,dim,near,3.92238200636762,2.84814482370037,4.66665070877679
15,SolLevante_p2,L,1920x1080,0.9930992126464844,24,ref/SolLevante_p2.mp4,test/SolLevante_p2/SolLevante_p2_L_1920x1080.mp4,False,dim,far,6.73645636113118,6.33959727708065,7.15551898107152
15,SolLevante_p2,L,1920x1080,0.9930992126464844,24,ref/SolLevante_p2.mp4,test/SolLevante_p2/SolLevante_p2_L_1920x1080.mp4,False,dim,near,5.70296002235835,5.20649237192815,6.11618857087334
15,SolLevante_p2,L,3840x2160,4.06626033782959,24,ref/SolLevante_p2.mp4,test/SolLevante_p2/SolLevante_p2_L_3840x2160.mp4,False,dim,far,8.50467158189018,8.15338267069113,8.80588214921662
15,SolLevante_p2,L,3840x2160,4.06626033782959,24,ref/SolLevante_p2.mp4,test/SolLevante_p2/SolLevante_p2_L_3840x2160.mp4,False,dim,near,7.32960821648056,6.99212927237302,7.67036186594383
15,SolLevante_p2,M,1280x720,1.784749984741211,24,ref/SolLevante_p2.mp4,test/SolLevante_p2/SolLevante_p2_M_1280x720.mp4,False,dim,far,7.57899428705473,7.23227561642846,7.87075811028809
15,SolLevante_p2,M,1280x720,1.784749984741211,24,ref/SolLevante_p2.mp4,test/SolLevante_p2/SolLevante_p2_M_1280x720.mp4,False,dim,near,6.34454593202815,5.87741912954615,6.79227945171958
15,SolLevante_p2,M,1920x1080,4.38653564453125,24,ref/SolLevante_p2.mp4,test/SolLevante_p2/SolLevante_p2_M_1920x1080.mp4,False,dim,far,8.92543497412475,8.52462295675709,9.32383748478404
15,SolLevante_p2,M,1920x1080,4.38653564453125,24,ref/SolLevante_p2.mp4,test/SolLevante_p2/SolLevante_p2_M_1920x1080.mp4,False,dim,near,7.8195880712775,7.46907735468924,8.12027006299321
15,SolLevante_p2,M,3840x2160,15.761601448059082,24,ref/SolLevante_p2.mp4,test/SolLevante_p2/SolLevante_p2_M_3840x2160.mp4,False,dim,far,9.69280781676317,9.25579576611051,10.1793818851332
15,SolLevante_p2,M,3840x2160,15.761601448059082,24,ref/SolLevante_p2.mp4,test/SolLevante_p2/SolLevante_p2_M_3840x2160.mp4,False,dim,near,9.24810280312207,8.81245864659099,9.64999650935084
15,SolLevante_p2,H,3840x2160,107.20640659332275,24,ref/SolLevante_p2.mp4,test/SolLevante_p2/SolLevante_p2_H_3840x2160.mp4,True,dim,near,10.0,9.57654032856794,10.4258549891382
15,SolLevante_p2,H,3840x2160,107.20640659332275,24,ref/SolLevante_p2.mp4,test/SolLevante_p2/SolLevante_p2_H_3840x2160.mp4,True,dim,far,10.0,9.57654032856794,10.4258549891382
16,TrafficLight,H,1280x720,1.8605661392211916,24,ref/TrafficLight.mp4,test/TrafficLight/TrafficLight_H_1280x720.mp4,False,dim,far,9.68417785451738,9.349318651717,9.99805539925787
16,TrafficLight,H,1280x720,1.8605661392211916,24,ref/TrafficLight.mp4,test/TrafficLight/TrafficLight_H_1280x720.mp4,False,dim,near,8.85706241648933,8.44394329654025,9.13180784541297
16,TrafficLight,H,1920x1080,5.502879142761231,24,ref/TrafficLight.mp4,test/TrafficLight/TrafficLight_H_1920x1080.mp4,False,dim,far,10.269755828521,9.89017781659508,10.7861565575719
16,TrafficLight,H,1920x1080,5.502879142761231,24,ref/TrafficLight.mp4,test/TrafficLight/TrafficLight_H_1920x1080.mp4,False,dim,near,9.48642628091383,9.07912265751109,9.8525704631071
16,TrafficLight,L,1280x720,0.0607709884643554,24,ref/TrafficLight.mp4,test/TrafficLight/TrafficLight_L_1280x720.mp4,False,dim,far,8.55349474264209,8.11786979854429,8.96665986051627
16,TrafficLight,L,1280x720,0.0607709884643554,24,ref/TrafficLight.mp4,test/TrafficLight/TrafficLight_L_1280x720.mp4,False,dim,near,7.30364688458981,6.63042583311584,7.63493646274364
16,TrafficLight,L,1920x1080,0.1156520843505859,24,ref/TrafficLight.mp4,test/TrafficLight/TrafficLight_L_1920x1080.mp4,False,dim,far,9.38299764289412,9.04904008175086,9.75844235893791
16,TrafficLight,L,1920x1080,0.1156520843505859,24,ref/TrafficLight.mp4,test/TrafficLight/TrafficLight_L_1920x1080.mp4,False,dim,near,8.21205601437619,7.81240449793064,8.51134388669687
16,TrafficLight,L,3840x2160,0.3090772628784179,24,ref/TrafficLight.mp4,test/TrafficLight/TrafficLight_L_3840x2160.mp4,False,dim,far,9.79698247616684,9.44881363542305,10.2385808103583
16,TrafficLight,L,3840x2160,0.3090772628784179,24,ref/TrafficLight.mp4,test/TrafficLight/TrafficLight_L_3840x2160.mp4,False,dim,near,9.36205701367625,9.01318070791325,9.71194550184475
16,TrafficLight,M,1280x720,0.1281471252441406,24,ref/TrafficLight.mp4,test/TrafficLight/TrafficLight_M_1280x720.mp4,False,dim,far,9.47725235579545,9.10439328940249,9.86854673298907
16,TrafficLight,M,1280x720,0.1281471252441406,24,ref/TrafficLight.mp4,test/TrafficLight/TrafficLight_M_1280x720.mp4,False,dim,near,8.80409578810803,8.36572384327534,9.22823011902839
16,TrafficLight,M,1920x1080,0.2605152130126953,24,ref/TrafficLight.mp4,test/TrafficLight/TrafficLight_M_1920x1080.mp4,False,dim,far,9.68166710267512,9.40530513458581,10.0006356030944
16,TrafficLight,M,1920x1080,0.2605152130126953,24,ref/TrafficLight.mp4,test/TrafficLight/TrafficLight_M_1920x1080.mp4,False,dim,near,9.27875198105988,8.9664696514508,9.6184691195246
16,TrafficLight,M,3840x2160,0.7076091766357422,24,ref/TrafficLight.mp4,test/TrafficLight/TrafficLight_M_3840x2160.mp4,False,dim,far,10.0598813113582,9.7261588765305,10.4252089755732
16,TrafficLight,M,3840x2160,0.7076091766357422,24,ref/TrafficLight.mp4,test/TrafficLight/TrafficLight_M_3840x2160.mp4,False,dim,near,9.6806154532459,9.26758368559468,10.1391946079485
16,TrafficLight,H,3840x2160,33.762603759765625,24,ref/TrafficLight.mp4,test/TrafficLight/TrafficLight_H_3840x2160.mp4,True,dim,near,10.0,9.74290136547938,10.3003504586319
16,TrafficLight,H,3840x2160,33.762603759765625,24,ref/TrafficLight.mp4,test/TrafficLight/TrafficLight_H_3840x2160.mp4,True,dim,far,10.0,9.74290136547938,10.3003504586319
